,2020-21,2021-22,2022-23,2013-14,2014-15,2015-16,2016-17,2017-18,2018-19,2019-20,2012-13,2008-09,2009-10,2010-11,2011-12,2007-08
1630173,"['2020-21', 61, 4, 12.1, 2.0, 3.7, 0.544, 0.0, 0.0, 0.0, 0.9, 1.8, 0.509, 1.2, 2.2, 3.4, 0.5, 0.3, 0.5, 0.7, 1.5, 5.0, 1610612748, 21.0, '6-8', 'Precious Achiuwa', 'Forward']","['2021-22', 73, 28, 23.6, 3.6, 8.3, 0.439, 0.8, 2.1, 0.359, 1.1, 1.8, 0.595, 2.0, 4.5, 6.5, 1.1, 0.5, 0.6, 1.2, 2.1, 9.1, 1610612761, 22.0, '6-8', 'Precious Achiuwa', 'Forward']","['2022-23', 55, 12, 20.7, 3.6, 7.3, 0.485, 0.5, 2.0, 0.269, 1.6, 2.3, 0.702, 1.8, 4.1, 6.0, 0.9, 0.6, 0.5, 1.1, 1.9, 9.2, 1610612761, 23.0, '6-8', 'Precious Achiuwa', 'Forward']",,,,,,,,,,,,,
203500,"['2020-21', 58, 58, 27.7, 3.3, 5.3, 0.614, 0.0, 0.1, 0.0, 1.0, 2.3, 0.444, 3.7, 5.2, 8.9, 1.9, 0.9, 0.7, 1.3, 1.9, 7.6, 1610612740, 27.0, '6-11', 'Steven Adams', 'Center']","['2021-22', 76, 75, 26.3, 2.8, 5.1, 0.547, 0.0, 0.0, 0.0, 1.4, 2.6, 0.543, 4.6, 5.4, 10.0, 3.4, 0.9, 0.8, 1.5, 2.0, 6.9, 1610612763, 28.0, '6-11', 'Steven Adams', 'Center']","['2022-23', 42, 42, 27.0, 3.7, 6.3, 0.597, 0.0, 0.0, 0.0, 1.1, 3.1, 0.364, 5.1, 6.5, 11.5, 2.3, 0.9, 1.1, 1.9, 2.3, 8.6, 1610612763, 29.0, '6-11', 'Steven Adams', 'Center']","['2013-14', 81, 20, 14.8, 1.1, 2.3, 0.503, 0.0, 0.0, 0.0, 1.0, 1.7, 0.581, 1.8, 2.3, 4.1, 0.5, 0.5, 0.7, 0.9, 2.5, 3.3, 1610612760, 20.0, '6-11', 'Steven Adams', 'Center']","['2014-15', 70, 67, 25.3, 3.1, 5.7, 0.544, 0.0, 0.0, 0.0, 1.5, 2.9, 0.502, 2.8, 4.6, 7.5, 0.9, 0.5, 1.2, 1.4, 3.2, 7.7, 1610612760, 21.0, '6-11', 'Steven Adams', 'Center']","['2015-16', 80, 80, 25.2, 3.3, 5.3, 0.613, 0.0, 0.0, 0.0, 1.4, 2.5, 0.582, 2.7, 3.9, 6.7, 0.8, 0.5, 1.1, 1.1, 2.8, 8.0, 1610612760, 22.0, '6-11', 'Steven Adams', 'Center']","['2016-17', 80, 80, 29.9, 4.7, 8.2, 0.571, 0.0, 0.0, 0.0, 2.0, 3.2, 0.611, 3.5, 4.2, 7.7, 1.1, 1.1, 1.0, 1.8, 2.4, 11.3, 1610612760, 23.0, '6-11', 'Steven Adams', 'Center']","['2017-18', 76, 76, 32.7, 5.9, 9.4, 0.629, 0.0, 0.0, 0.0, 2.1, 3.8, 0.559, 5.1, 4.0, 9.0, 1.2, 1.2, 1.0, 1.7, 2.8, 13.9, 1610612760, 24.0, '6-11', 'Steven Adams', 'Center']","['2018-19', 80, 80, 33.4, 6.0, 10.1, 0.595, 0.0, 0.0, 0.0, 1.8, 3.7, 0.5, 4.9, 4.6, 9.5, 1.6, 1.5, 1.0, 1.7, 2.6, 13.9, 1610612760, 25.0, '6-11', 'Steven Adams', 'Center']","['2019-20', 63, 63, 26.7, 4.5, 7.6, 0.592, 0.0, 0.0, 0.333, 1.9, 3.2, 0.582, 3.3, 6.0, 9.3, 2.3, 0.8, 1.1, 1.5, 1.9, 10.9, 1610612760, 26.0, '6-11', 'Steven Adams', 'Center']",,,,,,
1628389,"['2020-21', 64, 64, 33.5, 7.1, 12.5, 0.57, 0.0, 0.1, 0.25, 4.4, 5.5, 0.799, 2.2, 6.7, 9.0, 5.4, 1.2, 1.0, 2.6, 2.3, 18.7, 1610612748, 23.0, '6-9', 'Bam Adebayo', 'Center-Forward']","['2021-22', 56, 56, 32.6, 7.3, 13.0, 0.557, 0.0, 0.1, 0.0, 4.6, 6.1, 0.753, 2.4, 7.6, 10.1, 3.4, 1.4, 0.8, 2.6, 3.1, 19.1, 1610612748, 24.0, '6-9', 'Bam Adebayo', 'Center-Forward']","['2022-23', 75, 75, 34.6, 8.0, 14.9, 0.54, 0.0, 0.2, 0.083, 4.3, 5.4, 0.806, 2.5, 6.7, 9.2, 3.2, 1.2, 0.8, 2.5, 2.8, 20.4, 1610612748, 25.0, '6-9', 'Bam Adebayo', 'Center-Forward']",,,,,"['2017-18', 69, 19, 19.8, 2.5, 4.9, 0.512, 0.0, 0.1, 0.0, 1.9, 2.6, 0.721, 1.7, 3.8, 5.5, 1.5, 0.5, 0.6, 1.0, 2.0, 6.9, 1610612748, 20.0, '6-9', 'Bam Adebayo', 'Center-Forward']","['2018-19', 82, 28, 23.3, 3.4, 5.9, 0.576, 0.0, 0.2, 0.2, 2.0, 2.8, 0.735, 2.0, 5.3, 7.3, 2.2, 0.9, 0.8, 1.5, 2.5, 8.9, 1610612748, 21.0, '6-9', 'Bam Adebayo', 'Center-Forward']","['2019-20', 72, 72, 33.6, 6.1, 11.0, 0.557, 0.0, 0.2, 0.143, 3.7, 5.3, 0.691, 2.4, 7.8, 10.2, 5.1, 1.1, 1.3, 2.8, 2.5, 15.9, 1610612748, 22.0, '6-9', 'Bam Adebayo', 'Center-Forward']",,,,,,
1629638,"['2020-21', 46, 13, 21.9, 4.2, 10.0, 0.419, 1.7, 4.8, 0.347, 1.0, 1.4, 0.727, 0.3, 2.8, 3.1, 2.2, 1.0, 0.5, 1.5, 1.9, 11.0, 1610612740, 22.0, '6-5', 'Nickeil Alexander-Walker', 'Guard']","['2021-22', 65, 21, 22.6, 3.9, 10.5, 0.372, 1.6, 5.2, 0.311, 1.2, 1.7, 0.743, 0.6, 2.3, 2.9, 2.4, 0.7, 0.4, 1.4, 1.6, 10.6, 0, 23.0, '6-5', 'Nickeil Alexander-Walker', 'Guard']","['2022-23', 59, 3, 15.0, 2.2, 5.0, 0.444, 1.0, 2.7, 0.384, 0.7, 1.0, 0.667, 0.3, 1.5, 1.7, 1.8, 0.5, 0.4, 0.9, 1.5, 6.2, 0, 24.0, '6-5', 'Nickeil Alexander-Walker', 'Guard']",,,,,,,"['2019-20', 47, 1, 12.6, 2.1, 5.7, 0.368, 1.0, 2.8, 0.346, 0.5, 0.8, 0.676, 0.2, 1.6, 1.8, 1.9, 0.4, 0.2, 1.1, 1.2, 5.7, 1610612740, 21.0, '6-5', 'Nickeil Alexander-Walker', 'Guard']",,,,,,
1628960,"['2020-21', 50, 38, 25.2, 3.5, 8.3, 0.418, 2.1, 5.5, 0.391, 1.6, 1.8, 0.868, 0.4, 2.8, 3.2, 2.2, 0.9, 0.2, 1.0, 1.4, 10.6, 1610612763, 25.0, '6-4', 'Grayson Allen', 'Guard']","['2021-22', 66, 61, 27.3, 3.9, 8.6, 0.448, 2.4, 5.9, 0.409, 1.0, 1.1, 0.865, 0.5, 2.9, 3.4, 1.5, 0.7, 0.3, 0.7, 1.5, 11.1, 1610612749, 26.0, '6-4', 'Grayson Allen', 'Guard']","['2022-23', 72, 70, 27.4, 3.4, 7.7, 0.44, 2.0, 5.1, 0.399, 1.6, 1.8, 0.905, 0.8, 2.4, 3.3, 2.3, 0.9, 0.2, 1.0, 1.6, 10.4, 1610612749, 27.0, '6-4', 'Grayson Allen', 'Guard']",,,,,,"['2018-19', 38, 2, 11.0, 1.8, 4.7, 0.376, 0.8, 2.6, 0.323, 1.2, 1.6, 0.75, 0.1, 0.5, 0.6, 0.7, 0.2, 0.2, 0.9, 1.2, 5.6, 1610612762, 23.0, '6-4', 'Grayson Allen', 'Guard']","['2019-20', 38, 0, 18.9, 3.1, 6.6, 0.466, 1.5, 3.7, 0.404, 1.0, 1.2, 0.867, 0.2, 2.0, 2.2, 1.4, 0.3, 0.1, 0.9, 1.4, 8.7, 1610612763, 24.0, '6-4', 'Grayson Allen', 'Guard']",,,,,,
1628386,"['2020-21', 63, 45, 29.6, 4.7, 7.7, 0.618, 0.1, 0.3, 0.316, 3.2, 4.6, 0.703, 3.1, 6.9, 10.0, 1.7, 0.5, 1.4, 1.6, 1.5, 12.8, 0, 23.0, '6-9', 'Jarrett Allen', 'Center']","['2021-22', 56, 56, 32.3, 6.6, 9.7, 0.677, 0.0, 0.2, 0.1, 2.9, 4.2, 0.708, 3.4, 7.3, 10.8, 1.6, 0.8, 1.3, 1.7, 1.7, 16.1, 1610612739, 24.0, '6-9', 'Jarrett Allen', 'Center']","['2022-23', 68, 68, 32.6, 5.9, 9.2, 0.644, 0.0, 0.1, 0.1, 2.4, 3.3, 0.733, 3.3, 6.5, 9.8, 1.7, 0.8, 1.2, 1.4, 2.3, 14.3, 1610612739, 25.0, '6-9', 'Jarrett Allen', 'Center']",,,,,"['2017-18', 72, 31, 20.0, 3.3, 5.5, 0.589, 0.1, 0.2, 0.333, 1.6, 2.0, 0.776, 2.0, 3.4, 5.4, 0.7, 0.4, 1.2, 1.1, 2.0, 8.2, 1610612751, 20.0, '6-9', 'Jarrett Allen', 'Center']","['2018-19', 80, 80, 26.2, 4.2, 7.1, 0.59, 0.1, 0.6, 0.133, 2.5, 3.5, 0.709, 2.4, 6.0, 8.4, 1.4, 0.5, 1.5, 1.3, 2.3, 10.9, 1610612751, 21.0, '6-9', 'Jarrett Allen', 'Center']","['2019-20', 70, 64, 26.5, 4.3, 6.6, 0.649, 0.0, 0.1, 0.0, 2.4, 3.9, 0.633, 3.1, 6.5, 9.6, 1.6, 0.6, 1.3, 1.1, 2.3, 11.1, 1610612751, 22.0, '6-9', 'Jarrett Allen', 'Center']",,,,,,
203937,"['2020-21', 69, 69, 27.4, 4.5, 9.5, 0.468, 1.4, 3.8, 0.36, 2.1, 2.7, 0.783, 0.8, 5.0, 5.7, 3.6, 1.2, 0.8, 1.2, 1.7, 12.4, 1610612763, 27.0, '6-9', 'Kyle Anderson', 'Forward-Guard']","['2021-22', 69, 11, 21.5, 3.0, 6.8, 0.446, 0.5, 1.6, 0.33, 1.0, 1.5, 0.638, 1.0, 4.3, 5.3, 2.7, 1.1, 0.7, 1.0, 1.6, 7.6, 1610612763, 28.0, '6-9', 'Kyle Anderson', 'Forward-Guard']","['2022-23', 69, 46, 28.4, 3.7, 7.2, 0.509, 0.6, 1.5, 0.41, 1.4, 2.0, 0.735, 1.0, 4.4, 5.3, 4.9, 1.1, 0.9, 1.5, 2.1, 9.4, 1610612750, 29.0, '6-9', 'Kyle Anderson', 'Forward-Guard']",,"['2014-15', 33, 8, 10.9, 0.9, 2.7, 0.348, 0.1, 0.3, 0.273, 0.3, 0.4, 0.643, 0.2, 2.0, 2.2, 0.8, 0.5, 0.2, 0.3, 0.8, 2.2, 1610612759, 21.0, '6-9', 'Kyle Anderson', 'Forward-Guard']","['2015-16', 78, 11, 16.0, 1.8, 3.8, 0.468, 0.2, 0.5, 0.324, 0.8, 1.1, 0.747, 0.3, 2.8, 3.1, 1.6, 0.8, 0.4, 0.8, 1.2, 4.5, 1610612759, 22.0, '6-9', 'Kyle Anderson', 'Forward-Guard']","['2016-17', 72, 14, 14.2, 1.3, 2.9, 0.445, 0.2, 0.6, 0.375, 0.6, 0.8, 0.789, 0.5, 2.4, 2.9, 1.3, 0.7, 0.4, 0.5, 0.9, 3.4, 1610612759, 23.0, '6-9', 'Kyle Anderson', 'Forward-Guard']","['2017-18', 74, 67, 26.7, 3.1, 5.9, 0.527, 0.3, 0.8, 0.333, 1.4, 2.0, 0.712, 1.1, 4.2, 5.4, 2.7, 1.6, 0.8, 1.3, 1.5, 7.9, 1610612759, 24.0, '6-9', 'Kyle Anderson', 'Forward-Guard']","['2018-19', 43, 40, 29.8, 3.5, 6.4, 0.543, 0.2, 0.8, 0.265, 0.9, 1.5, 0.578, 1.1, 4.7, 5.8, 3.0, 1.3, 0.9, 1.3, 2.6, 8.0, 1610612763, 25.0, '6-9', 'Kyle Anderson', 'Forward-Guard']","['2019-20', 67, 28, 19.8, 2.3, 4.9, 0.474, 0.4, 1.3, 0.282, 0.8, 1.2, 0.667, 0.9, 3.4, 4.3, 2.4, 0.8, 0.6, 1.0, 1.7, 5.8, 1610612763, 26.0, '6-9', 'Kyle Anderson', 'Forward-Guard']",,,,,,
203507,"['2020-21', 61, 61, 33.0, 10.3, 18.0, 0.569, 1.1, 3.6, 0.303, 6.5, 9.5, 0.685, 1.6, 9.4, 11.0, 5.9, 1.2, 1.2, 3.4, 2.8, 28.1, 1610612749, 26.0, '7-0', 'Giannis Antetokounmpo', 'Forward']","['2021-22', 67, 67, 32.9, 10.3, 18.6, 0.553, 1.1, 3.6, 0.293, 8.3, 11.4, 0.722, 2.0, 9.6, 11.6, 5.8, 1.1, 1.4, 3.3, 3.2, 29.9, 1610612749, 27.0, '7-0', 'Giannis Antetokounmpo', 'Forward']","['2022-23', 63, 63, 32.1, 11.2, 20.3, 0.553, 0.7, 2.7, 0.275, 7.9, 12.3, 0.645, 2.2, 9.6, 11.8, 5.7, 0.8, 0.8, 3.9, 3.1, 31.1, 1610612749, 28.0, '7-0', 'Giannis Antetokounmpo', 'Forward']","['2013-14', 77, 23, 24.6, 2.2, 5.4, 0.414, 0.5, 1.5, 0.347, 1.8, 2.6, 0.683, 1.0, 3.4, 4.4, 1.9, 0.8, 0.8, 1.6, 2.2, 6.8, 1610612749, 19.0, '7-0', 'Giannis Antetokounmpo', 'Forward']","['2014-15', 81, 71, 31.4, 4.7, 9.6, 0.491, 0.1, 0.5, 0.159, 3.2, 4.3, 0.741, 1.2, 5.5, 6.7, 2.6, 0.9, 1.0, 2.1, 3.1, 12.7, 1610612749, 20.0, '7-0', 'Giannis Antetokounmpo', 'Forward']","['2015-16', 80, 79, 35.3, 6.4, 12.7, 0.506, 0.4, 1.4, 0.257, 3.7, 5.1, 0.724, 1.4, 6.2, 7.7, 4.3, 1.2, 1.4, 2.6, 3.2, 16.9, 1610612749, 21.0, '7-0', 'Giannis Antetokounmpo', 'Forward']","['2016-17', 80, 80, 35.6, 8.2, 15.7, 0.521, 0.6, 2.3, 0.272, 5.9, 7.7, 0.77, 1.8, 7.0, 8.8, 5.4, 1.6, 1.9, 2.9, 3.1, 22.9, 1610612749, 22.0, '7-0', 'Giannis Antetokounmpo', 'Forward']","['2017-18', 75, 75, 36.7, 9.9, 18.7, 0.529, 0.6, 1.9, 0.307, 6.5, 8.5, 0.76, 2.1, 8.0, 10.0, 4.8, 1.5, 1.4, 3.0, 3.1, 26.9, 1610612749, 23.0, '7-0', 'Giannis Antetokounmpo', 'Forward']","['2018-19', 72, 72, 32.8, 10.0, 17.3, 0.578, 0.7, 2.8, 0.256, 6.9, 9.5, 0.729, 2.2, 10.3, 12.5, 5.9, 1.3, 1.5, 3.7, 3.2, 27.7, 1610612749, 24.0, '7-0', 'Giannis Antetokounmpo', 'Forward']","['2019-20', 63, 63, 30.4, 10.9, 19.7, 0.553, 1.4, 4.7, 0.304, 6.3, 10.0, 0.633, 2.2, 11.4, 13.6, 5.6, 1.0, 1.0, 3.7, 3.1, 29.5, 1610612749, 25.0, '7-0', 'Giannis Antetokounmpo', 'Forward']",,,,,,
203648,"['2020-21', 57, 3, 9.7, 1.2, 2.4, 0.489, 0.1, 0.5, 0.241, 0.4, 0.9, 0.51, 0.9, 1.2, 2.2, 0.8, 0.4, 0.2, 0.8, 1.3, 2.9, 1610612749, 28.0, '6-7', 'Thanasis Antetokounmpo', 'Forward']","['2021-22', 48, 6, 9.9, 1.5, 2.7, 0.547, 0.0, 0.3, 0.143, 0.6, 1.0, 0.63, 0.8, 1.3, 2.1, 0.5, 0.3, 0.3, 0.5, 1.4, 3.6, 1610612749, 29.0, '6-7', 'Thanasis Antetokounmpo', 'Forward']","['2022-23', 37, 0, 5.6, 0.5, 1.2, 0.435, 0.0, 0.2, 0.0, 0.3, 0.6, 0.5, 0.4, 0.8, 1.2, 0.4, 0.1, 0.1, 0.3, 0.6, 1.4, 1610612749, 30.0, '6-7', 'Thanasis Antetokounmpo', 'Forward']",,,"['2015-16', 2, 0, 3.1, 1.5, 2.0, 0.75, 0.0, 0.5, 0.0, 0.0, 0.0, 0.0, 0.0, 0.5, 0.5, 0.0, 0.0, 0.0, 0.0, 1.0, 3.0, 1610612752, 23.0, '6-7', 'Thanasis Antetokounmpo', 'Forward']",,,,"['2019-20', 20, 2, 6.4, 1.2, 2.4, 0.5, 0.0, 0.5, 0.0, 0.4, 0.9, 0.412, 0.6, 0.6, 1.2, 0.8, 0.4, 0.1, 0.6, 0.9, 2.8, 1610612749, 27.0, '6-7', 'Thanasis Antetokounmpo', 'Forward']",,,,,,
1630175,"['2020-21', 47, 34, 27.1, 4.7, 11.7, 0.397, 1.2, 3.7, 0.337, 2.3, 2.8, 0.832, 0.8, 3.9, 4.7, 4.1, 0.6, 0.4, 2.3, 2.1, 12.9, 1610612753, 21.0, '6-3', 'Cole Anthony', 'Guard']","['2021-22', 65, 65, 31.7, 5.5, 14.0, 0.391, 2.0, 6.0, 0.338, 3.3, 3.9, 0.854, 0.5, 4.9, 5.4, 5.7, 0.7, 0.3, 2.6, 2.6, 16.3, 1610612753, 22.0, '6-3', 'Cole Anthony', 'Guard']","['2022-23', 60, 4, 25.9, 4.6, 10.2, 0.454, 1.3, 3.4, 0.364, 2.5, 2.8, 0.894, 0.8, 4.0, 4.8, 3.9, 0.6, 0.5, 1.5, 2.6, 13.0, 1610612753, 23.0, '6-3', 'Cole Anthony', 'Guard']",,,,,,,,,,,,,
1628384,"['2020-21', 43, 43, 33.3, 5.8, 12.1, 0.48, 2.4, 6.1, 0.398, 1.9, 2.4, 0.784, 1.3, 4.3, 5.5, 2.2, 1.5, 0.7, 1.7, 2.7, 15.9, 1610612761, 23.0, '6-7', 'O.G. Anunoby', 'Forward']","['2021-22', 48, 48, 36.0, 6.4, 14.5, 0.443, 2.4, 6.6, 0.363, 1.9, 2.5, 0.754, 1.5, 4.0, 5.5, 2.6, 1.5, 0.5, 1.7, 2.7, 17.1, 1610612761, 24.0, '6-7', 'O.G. Anunoby', 'Forward']","['2022-23', 67, 67, 35.6, 6.3, 13.2, 0.476, 2.1, 5.5, 0.387, 2.1, 2.5, 0.838, 1.4, 3.5, 5.0, 2.0, 1.9, 0.7, 2.0, 3.0, 16.8, 1610612761, 25.0, '6-7', 'O.G. Anunoby', 'Forward']",,,,,"['2017-18', 74, 62, 20.0, 2.2, 4.7, 0.471, 1.0, 2.7, 0.371, 0.5, 0.8, 0.629, 0.6, 1.9, 2.5, 0.7, 0.7, 0.2, 0.6, 1.8, 5.9, 1610612761, 20.0, '6-7', 'O.G. Anunoby', 'Forward']","['2018-19', 67, 6, 20.2, 2.7, 6.0, 0.453, 1.0, 3.0, 0.332, 0.5, 0.9, 0.581, 0.9, 2.1, 2.9, 0.7, 0.7, 0.3, 0.8, 2.1, 7.0, 1610612761, 21.0, '6-7', 'O.G. Anunoby', 'Forward']","['2019-20', 69, 68, 29.9, 4.1, 8.2, 0.505, 1.3, 3.3, 0.39, 1.0, 1.5, 0.706, 1.2, 4.1, 5.3, 1.6, 1.4, 0.7, 1.1, 2.4, 10.6, 1610612761, 22.0, '6-7', 'O.G. Anunoby', 'Forward']",,,,,,
1627853,"['2020-21', 44, 0, 10.2, 1.1, 2.7, 0.419, 0.6, 1.5, 0.373, 0.3, 0.5, 0.65, 0.1, 1.4, 1.5, 1.3, 0.2, 0.0, 0.2, 1.1, 3.1, 1610612741, 27.0, '6-3', 'Ryan Arcidiacono', 'Guard']","['2021-22', 10, 0, 7.6, 0.6, 1.2, 0.5, 0.4, 0.9, 0.444, 0.0, 0.0, 0.0, 0.0, 0.8, 0.8, 0.4, 0.1, 0.0, 0.3, 0.5, 1.6, 1610612752, 28.0, '6-3', 'Ryan Arcidiacono', 'Guard']","['2022-23', 20, 4, 8.6, 0.5, 1.9, 0.243, 0.4, 1.2, 0.348, 0.0, 0.0, 0.0, 0.0, 0.8, 0.8, 1.2, 0.3, 0.0, 0.4, 0.9, 1.3, 0, 29.0, '6-3', 'Ryan Arcidiacono', 'Guard']",,,,,"['2017-18', 24, 0, 12.7, 0.7, 1.7, 0.415, 0.4, 1.3, 0.29, 0.2, 0.3, 0.833, 0.0, 1.0, 1.0, 1.5, 0.5, 0.0, 0.5, 0.8, 2.0, 1610612741, 24.0, '6-3', 'Ryan Arcidiacono', 'Guard']","['2018-19', 81, 32, 24.2, 2.3, 5.2, 0.447, 1.0, 2.7, 0.373, 1.1, 1.3, 0.873, 0.3, 2.4, 2.7, 3.3, 0.8, 0.0, 0.8, 2.1, 6.7, 1610612741, 25.0, '6-3', 'Ryan Arcidiacono', 'Guard']","['2019-20', 58, 4, 16.0, 1.6, 3.8, 0.409, 0.9, 2.4, 0.391, 0.5, 0.7, 0.711, 0.3, 1.6, 1.9, 1.7, 0.5, 0.1, 0.6, 1.7, 4.5, 1610612741, 26.0, '6-3', 'Ryan Arcidiacono', 'Guard']",,,,,,
1630166,"['2020-21', 54, 32, 23.3, 2.4, 5.8, 0.417, 1.0, 3.1, 0.315, 0.5, 0.8, 0.644, 0.4, 4.4, 4.9, 1.2, 0.6, 0.3, 0.6, 2.6, 6.3, 1610612764, 20.0, '6-9', 'Deni Avdija', 'Forward']","['2021-22', 82, 8, 24.2, 3.0, 7.1, 0.432, 1.0, 3.2, 0.317, 1.3, 1.7, 0.757, 0.6, 4.5, 5.2, 2.0, 0.7, 0.5, 1.1, 2.3, 8.4, 1610612764, 21.0, '6-9', 'Deni Avdija', 'Forward']","['2022-23', 76, 40, 26.6, 3.3, 7.6, 0.437, 0.9, 3.1, 0.297, 1.6, 2.2, 0.739, 1.0, 5.4, 6.4, 2.8, 0.9, 0.4, 1.6, 2.8, 9.2, 1610612764, 22.0, '6-9', 'Deni Avdija', 'Forward']",,,,,,,,,,,,,
1629028,"['2020-21', 69, 69, 30.6, 6.2, 10.0, 0.626, 0.1, 0.3, 0.2, 1.9, 2.5, 0.769, 3.3, 7.2, 10.5, 1.4, 0.6, 1.2, 1.5, 2.8, 14.4, 1610612756, 22.0, '7-0', 'Deandre Ayton', 'Center']","['2021-22', 58, 58, 29.5, 7.6, 12.0, 0.634, 0.1, 0.3, 0.368, 1.8, 2.4, 0.746, 2.6, 7.7, 10.2, 1.4, 0.7, 0.7, 1.6, 2.4, 17.2, 1610612756, 23.0, '7-0', 'Deandre Ayton', 'Center']","['2022-23', 67, 67, 30.4, 7.8, 13.2, 0.589, 0.1, 0.4, 0.292, 2.3, 3.0, 0.76, 2.6, 7.4, 10.0, 1.7, 0.6, 0.8, 1.8, 2.8, 18.0, 1610612756, 24.0, '7-0', 'Deandre Ayton', 'Center']",,,,,,"['2018-19', 71, 70, 30.7, 7.2, 12.3, 0.585, 0.0, 0.1, 0.0, 2.0, 2.7, 0.746, 3.1, 7.1, 10.3, 1.8, 0.9, 0.9, 1.8, 2.9, 16.3, 1610612756, 20.0, '7-0', 'Deandre Ayton', 'Center']","['2019-20', 38, 32, 32.5, 8.2, 14.9, 0.546, 0.1, 0.3, 0.231, 1.8, 2.3, 0.753, 3.9, 7.6, 11.5, 1.9, 0.7, 1.5, 2.1, 3.1, 18.2, 1610612756, 21.0, '7-0', 'Deandre Ayton', 'Center']",,,,,,
1628962,"['2020-21', 15, 0, 3.8, 0.3, 0.6, 0.444, 0.0, 0.0, 0.0, 0.5, 0.7, 0.8, 0.3, 0.6, 0.9, 0.0, 0.1, 0.3, 0.2, 0.6, 1.1, 1610612762, 21.0, '6-11', 'Udoka Azubuike', 'Center-Forward']","['2021-22', 17, 6, 11.5, 2.2, 2.9, 0.755, 0.0, 0.0, 0.0, 0.4, 0.6, 0.545, 1.1, 3.1, 4.2, 0.0, 0.1, 0.6, 0.7, 1.5, 4.7, 1610612762, 22.0, '6-11', 'Udoka Azubuike', 'Center-Forward']","['2022-23', 36, 4, 10.0, 1.6, 2.0, 0.819, 0.0, 0.0, 0.0, 0.2, 0.6, 0.35, 0.9, 2.4, 3.3, 0.3, 0.2, 0.4, 0.5, 0.9, 3.5, 1610612762, 23.0, '6-11', 'Udoka Azubuike', 'Center-Forward']",,,,,,,,,,,,,
1628963,"['2020-21', 43, 42, 25.9, 5.7, 11.4, 0.504, 0.9, 2.5, 0.343, 1.8, 3.1, 0.575, 2.5, 4.9, 7.4, 1.0, 0.5, 0.5, 1.4, 2.3, 14.1, 1610612758, 22.0, '6-10', 'Marvin Bagley III', 'Forward']","['2021-22', 48, 25, 23.9, 4.7, 9.3, 0.504, 0.5, 2.0, 0.237, 1.4, 2.1, 0.663, 2.2, 4.9, 7.0, 0.8, 0.5, 0.4, 0.8, 1.9, 11.3, 0, 23.0, '6-10', 'Marvin Bagley III', 'Forward']","['2022-23', 42, 25, 23.6, 4.8, 9.1, 0.529, 0.5, 1.6, 0.288, 1.9, 2.6, 0.75, 2.2, 4.2, 6.4, 0.9, 0.5, 0.7, 1.1, 1.9, 12.0, 1610612765, 24.0, '6-10', 'Marvin Bagley III', 'Forward']",,,,,,"['2018-19', 62, 4, 25.3, 5.7, 11.4, 0.504, 0.5, 1.5, 0.313, 2.9, 4.2, 0.691, 2.6, 5.0, 7.6, 1.0, 0.5, 1.0, 1.6, 1.9, 14.9, 1610612758, 20.0, '6-10', 'Marvin Bagley III', 'Forward']","['2019-20', 13, 6, 25.7, 6.0, 12.8, 0.467, 0.3, 1.7, 0.182, 1.9, 2.4, 0.806, 2.2, 5.2, 7.5, 0.8, 0.5, 0.9, 1.4, 3.3, 14.2, 1610612758, 21.0, '6-10', 'Marvin Bagley III', 'Forward']",,,,,,
1630163,"['2020-21', 51, 31, 28.8, 5.7, 13.2, 0.436, 1.8, 5.1, 0.352, 2.5, 3.2, 0.758, 1.2, 4.7, 5.9, 6.1, 1.6, 0.4, 2.8, 2.7, 15.7, 1610612766, 19.0, '6-7', 'LaMelo Ball', 'Guard']","['2021-22', 75, 75, 32.3, 7.2, 16.7, 0.429, 2.9, 7.5, 0.389, 2.8, 3.2, 0.872, 1.4, 5.2, 6.7, 7.6, 1.6, 0.4, 3.3, 3.2, 20.1, 1610612766, 20.0, '6-7', 'LaMelo Ball', 'Guard']","['2022-23', 36, 36, 35.2, 8.2, 20.0, 0.411, 4.0, 10.6, 0.376, 2.8, 3.4, 0.836, 1.2, 5.3, 6.4, 8.4, 1.3, 0.3, 3.6, 3.3, 23.3, 1610612766, 21.0, '6-7', 'LaMelo Ball', 'Guard']",,,,,,,,,,,,,
1628366,"['2020-21', 55, 55, 31.8, 5.3, 12.7, 0.414, 3.1, 8.3, 0.378, 0.9, 1.2, 0.781, 0.6, 4.2, 4.8, 5.7, 1.5, 0.6, 2.2, 1.9, 14.6, 1610612740, 23.0, '6-6', 'Lonzo Ball', 'Guard']","['2021-22', 35, 35, 34.6, 4.6, 10.9, 0.423, 3.1, 7.4, 0.423, 0.6, 0.8, 0.75, 1.0, 4.4, 5.4, 5.1, 1.8, 0.9, 2.3, 2.4, 13.0, 1610612741, 24.0, '6-6', 'Lonzo Ball', 'Guard']",,,,,,"['2017-18', 52, 50, 34.2, 3.9, 10.8, 0.36, 1.7, 5.7, 0.305, 0.6, 1.4, 0.451, 1.3, 5.6, 6.9, 7.2, 1.7, 0.8, 2.6, 2.3, 10.2, 1610612747, 20.0, '6-6', 'Lonzo Ball', 'Guard']","['2018-19', 47, 45, 30.3, 3.9, 9.7, 0.406, 1.6, 4.9, 0.329, 0.4, 1.0, 0.417, 1.1, 4.2, 5.3, 5.4, 1.5, 0.4, 2.2, 2.4, 9.9, 1610612747, 21.0, '6-6', 'Lonzo Ball', 'Guard']","['2019-20', 63, 54, 32.1, 4.4, 10.9, 0.403, 2.3, 6.3, 0.375, 0.7, 1.2, 0.566, 1.1, 5.0, 6.1, 7.0, 1.4, 0.6, 3.1, 2.0, 11.8, 1610612740, 22.0, '6-6', 'Lonzo Ball', 'Guard']",,,,,,
1628964,"['2020-21', 46, 5, 15.8, 3.1, 6.5, 0.472, 0.8, 2.6, 0.322, 1.0, 1.4, 0.682, 1.7, 4.1, 5.8, 0.8, 0.3, 1.3, 0.8, 1.9, 8.0, 1610612753, 23.0, '7-0', 'Mo Bamba', 'Center']","['2021-22', 71, 69, 25.7, 4.2, 8.7, 0.48, 1.5, 4.0, 0.381, 0.8, 1.0, 0.781, 2.1, 6.0, 8.1, 1.2, 0.5, 1.7, 1.1, 2.6, 10.6, 1610612753, 24.0, '7-0', 'Mo Bamba', 'Center']","['2022-23', 49, 7, 15.7, 2.4, 4.9, 0.485, 1.0, 2.5, 0.387, 0.8, 1.3, 0.661, 1.2, 3.4, 4.6, 0.9, 0.3, 0.9, 0.6, 2.1, 6.6, 0, 25.0, '7-0', 'Mo Bamba', 'Center']",,,,,,"['2018-19', 47, 1, 16.3, 2.5, 5.2, 0.481, 0.4, 1.5, 0.3, 0.8, 1.3, 0.587, 1.4, 3.6, 5.0, 0.8, 0.3, 1.4, 0.9, 2.2, 6.2, 1610612753, 21.0, '7-0', 'Mo Bamba', 'Center']","['2019-20', 62, 0, 14.2, 2.1, 4.6, 0.462, 0.6, 1.7, 0.346, 0.5, 0.7, 0.674, 1.6, 3.3, 4.9, 0.7, 0.4, 1.4, 0.7, 1.9, 5.4, 1610612753, 22.0, '7-0', 'Mo Bamba', 'Center']",,,,,,
1630217,"['2020-21', 68, 17, 22.3, 3.4, 7.3, 0.469, 1.7, 4.0, 0.432, 0.6, 0.7, 0.816, 0.5, 2.6, 3.1, 1.7, 0.6, 0.2, 0.9, 1.8, 9.2, 1610612763, 23.0, '6-5', 'Desmond Bane', 'Guard']","['2021-22', 76, 76, 29.8, 6.7, 14.5, 0.461, 3.0, 6.9, 0.436, 1.8, 2.0, 0.903, 0.6, 3.8, 4.4, 2.7, 1.2, 0.4, 1.5, 2.6, 18.2, 1610612763, 24.0, '6-5', 'Desmond Bane', 'Guard']","['2022-23', 58, 58, 31.7, 7.8, 16.2, 0.479, 2.9, 7.0, 0.408, 3.1, 3.5, 0.883, 0.7, 4.3, 5.0, 4.4, 1.0, 0.4, 2.2, 2.6, 21.5, 1610612763, 25.0, '6-5', 'Desmond Bane', 'Guard']",,,,,,,,,,,,,
203084,"['2020-21', 58, 58, 36.2, 5.5, 11.1, 0.497, 1.7, 4.4, 0.391, 3.4, 4.1, 0.83, 1.1, 5.5, 6.6, 3.5, 0.7, 0.2, 1.6, 1.3, 16.1, 1610612758, 29.0, '6-8', 'Harrison Barnes', 'Forward']","['2021-22', 77, 77, 33.6, 5.1, 10.8, 0.469, 1.8, 4.7, 0.394, 4.4, 5.4, 0.826, 1.1, 4.5, 5.6, 2.4, 0.7, 0.2, 1.5, 1.2, 16.4, 1610612758, 30.0, '6-8', 'Harrison Barnes', 'Forward']","['2022-23', 82, 82, 32.5, 4.6, 9.6, 0.473, 1.6, 4.3, 0.374, 4.3, 5.0, 0.847, 1.1, 3.4, 4.5, 1.6, 0.7, 0.1, 1.0, 1.3, 15.0, 1610612758, 31.0, '6-8', 'Harrison Barnes', 'Forward']","['2013-14', 78, 24, 28.3, 3.5, 8.7, 0.399, 0.8, 2.4, 0.347, 1.7, 2.3, 0.718, 0.8, 3.1, 4.0, 1.5, 0.8, 0.3, 1.1, 2.0, 9.5, 1610612744, 22.0, '6-8', 'Harrison Barnes', 'Forward']","['2014-15', 82, 82, 28.3, 3.9, 8.0, 0.482, 1.1, 2.6, 0.405, 1.3, 1.8, 0.72, 1.4, 4.1, 5.5, 1.4, 0.7, 0.2, 0.9, 1.8, 10.1, 1610612744, 23.0, '6-8', 'Harrison Barnes', 'Forward']","['2015-16', 66, 59, 30.9, 4.5, 9.6, 0.466, 1.2, 3.2, 0.383, 1.5, 2.0, 0.761, 1.2, 3.8, 4.9, 1.8, 0.6, 0.2, 0.9, 2.1, 11.7, 1610612744, 24.0, '6-8', 'Harrison Barnes', 'Forward']","['2016-17', 79, 79, 35.5, 7.6, 16.2, 0.468, 1.0, 2.8, 0.351, 3.1, 3.6, 0.861, 1.2, 3.8, 5.0, 1.5, 0.8, 0.2, 1.3, 1.6, 19.2, 1610612742, 25.0, '6-8', 'Harrison Barnes', 'Forward']","['2017-18', 77, 77, 34.2, 7.0, 15.7, 0.445, 1.5, 4.3, 0.357, 3.4, 4.1, 0.827, 1.0, 5.1, 6.1, 2.0, 0.6, 0.2, 1.5, 1.2, 18.9, 1610612742, 26.0, '6-8', 'Harrison Barnes', 'Forward']","['2018-19', 77, 77, 32.9, 5.6, 13.3, 0.42, 2.3, 5.7, 0.395, 3.0, 3.6, 0.824, 0.7, 3.9, 4.7, 1.5, 0.6, 0.2, 1.3, 1.6, 16.4, 0, 27.0, '6-8', 'Harrison Barnes', 'Forward']","['2019-20', 72, 72, 34.5, 5.1, 11.0, 0.46, 1.4, 3.7, 0.381, 3.0, 3.7, 0.801, 1.1, 3.9, 4.9, 2.2, 0.6, 0.2, 1.2, 1.3, 14.5, 1610612758, 28.0, '6-8', 'Harrison Barnes', 'Forward']","['2012-13', 81, 81, 25.4, 3.4, 7.8, 0.439, 0.6, 1.8, 0.359, 1.8, 2.3, 0.758, 0.7, 3.5, 4.1, 1.2, 0.6, 0.2, 1.2, 1.7, 9.2, 1610612744, 21.0, '6-8', 'Harrison Barnes', 'Forward']",,,,,
1629628,"['2020-21', 72, 72, 34.9, 6.5, 14.7, 0.441, 1.7, 4.3, 0.401, 2.9, 3.8, 0.746, 0.9, 4.8, 5.8, 3.0, 0.7, 0.3, 1.9, 2.6, 17.6, 1610612752, 21.0, '6-6', 'RJ Barrett', 'Forward-Guard']","['2021-22', 70, 70, 34.5, 7.0, 17.1, 0.408, 2.0, 5.8, 0.342, 4.1, 5.8, 0.714, 0.9, 4.9, 5.8, 3.0, 0.6, 0.2, 2.2, 2.0, 20.0, 1610612752, 22.0, '6-6', 'RJ Barrett', 'Forward-Guard']","['2022-23', 73, 73, 33.9, 7.0, 16.1, 0.434, 1.7, 5.3, 0.31, 4.0, 5.4, 0.74, 0.8, 4.2, 5.0, 2.8, 0.4, 0.2, 2.2, 2.5, 19.6, 1610612752, 23.0, '6-6', 'RJ Barrett', 'Forward-Guard']",,,,,,,"['2019-20', 56, 55, 30.4, 5.2, 13.0, 0.402, 1.1, 3.5, 0.32, 2.8, 4.5, 0.614, 0.9, 4.1, 5.0, 2.6, 1.0, 0.3, 2.2, 2.2, 14.3, 1610612752, 20.0, '6-6', 'RJ Barrett', 'Forward-Guard']",,,,,,
203115,"['2020-21', 56, 52, 31.0, 4.6, 10.9, 0.426, 1.8, 4.6, 0.381, 1.7, 2.2, 0.785, 0.7, 3.3, 4.0, 3.2, 0.9, 0.4, 1.7, 1.7, 12.7, 1610612743, 30.0, '6-5', 'Will Barton', 'Guard']","['2021-22', 71, 71, 32.1, 5.5, 12.6, 0.438, 2.2, 6.1, 0.365, 1.4, 1.8, 0.803, 0.6, 4.2, 4.8, 3.9, 0.8, 0.4, 1.8, 1.6, 14.7, 1610612743, 31.0, '6-5', 'Will Barton', 'Guard']","['2022-23', 56, 2, 17.7, 2.5, 6.5, 0.379, 1.2, 3.2, 0.367, 0.7, 0.8, 0.787, 0.3, 2.2, 2.4, 2.0, 0.5, 0.2, 0.9, 1.0, 6.8, 0, 32.0, '6-5', 'Will Barton', 'Guard']","['2013-14', 41, 0, 9.4, 1.6, 3.8, 0.417, 0.2, 0.8, 0.303, 0.6, 0.8, 0.813, 0.4, 1.4, 1.8, 0.8, 0.2, 0.2, 0.4, 0.8, 4.0, 1610612757, 23.0, '6-5', 'Will Barton', 'Guard']","['2014-15', 58, 0, 17.0, 2.6, 6.1, 0.425, 0.4, 1.5, 0.271, 1.3, 1.6, 0.787, 0.4, 2.3, 2.8, 1.4, 0.8, 0.3, 1.1, 1.2, 6.8, 0, 24.0, '6-5', 'Will Barton', 'Guard']","['2015-16', 82, 1, 28.7, 5.2, 12.0, 0.432, 1.4, 4.0, 0.345, 2.6, 3.3, 0.806, 0.7, 5.1, 5.8, 2.5, 0.9, 0.5, 1.7, 1.8, 14.4, 1610612743, 25.0, '6-5', 'Will Barton', 'Guard']","['2016-17', 60, 19, 28.4, 4.9, 11.1, 0.443, 1.5, 3.9, 0.37, 2.4, 3.2, 0.753, 1.0, 3.4, 4.3, 3.4, 0.8, 0.5, 1.6, 1.8, 13.7, 1610612743, 26.0, '6-5', 'Will Barton', 'Guard']","['2017-18', 81, 40, 33.1, 5.7, 12.7, 0.452, 1.9, 5.2, 0.37, 2.2, 2.8, 0.805, 0.9, 4.2, 5.0, 4.1, 1.0, 0.6, 1.8, 2.1, 15.7, 1610612743, 27.0, '6-5', 'Will Barton', 'Guard']","['2018-19', 43, 38, 27.7, 4.3, 10.7, 0.402, 1.6, 4.6, 0.342, 1.3, 1.7, 0.77, 0.7, 3.9, 4.6, 2.9, 0.4, 0.5, 1.5, 1.9, 11.5, 1610612743, 28.0, '6-5', 'Will Barton', 'Guard']","['2019-20', 58, 58, 33.0, 5.7, 12.7, 0.45, 1.9, 5.0, 0.375, 1.8, 2.3, 0.767, 1.3, 5.0, 6.3, 3.7, 1.1, 0.5, 1.5, 2.1, 15.1, 1610612743, 29.0, '6-5', 'Will Barton', 'Guard']","['2012-13', 73, 5, 12.2, 1.6, 4.2, 0.382, 0.1, 0.9, 0.138, 0.7, 0.9, 0.769, 0.5, 1.5, 2.0, 0.8, 0.5, 0.1, 0.8, 0.8, 4.0, 1610612757, 22.0, '6-5', 'Will Barton', 'Guard']",,,,,
1628966,"['2020-21', 30, 0, 8.2, 1.0, 2.2, 0.448, 0.2, 0.6, 0.294, 0.5, 0.7, 0.667, 0.3, 1.3, 1.6, 0.4, 0.4, 0.2, 0.2, 0.4, 2.6, 1610612759, 25.0, '6-8', 'Keita Bates-Diop', 'Forward']","['2021-22', 59, 14, 16.2, 2.3, 4.5, 0.517, 0.3, 0.9, 0.309, 0.8, 1.0, 0.754, 1.1, 2.9, 3.9, 0.7, 0.5, 0.2, 0.8, 1.0, 5.7, 1610612759, 26.0, '6-8', 'Keita Bates-Diop', 'Forward']","['2022-23', 67, 42, 21.7, 3.5, 6.9, 0.508, 0.8, 2.1, 0.394, 1.8, 2.2, 0.793, 1.0, 2.7, 3.7, 1.5, 0.7, 0.3, 0.8, 0.9, 9.7, 1610612759, 27.0, '6-8', 'Keita Bates-Diop', 'Forward']",,,,,,"['2018-19', 30, 3, 16.8, 2.0, 4.7, 0.423, 0.4, 1.7, 0.25, 0.6, 0.9, 0.643, 0.5, 2.2, 2.8, 0.6, 0.6, 0.5, 0.5, 1.0, 5.0, 1610612750, 23.0, '6-8', 'Keita Bates-Diop', 'Forward']","['2019-20', 44, 0, 16.9, 2.3, 5.3, 0.427, 0.8, 2.3, 0.33, 1.2, 1.7, 0.72, 0.6, 2.3, 2.9, 0.7, 0.4, 0.5, 0.4, 1.0, 6.5, 0, 24.0, '6-8', 'Keita Bates-Diop', 'Forward']",,,,,,
201587,"['2020-21', 67, 38, 27.4, 2.9, 6.1, 0.464, 1.6, 4.1, 0.404, 0.7, 0.9, 0.828, 0.7, 4.0, 4.7, 2.2, 1.0, 0.6, 0.8, 1.5, 8.1, 1610612746, 32.0, '6-8', 'Nicolas Batum', 'Guard-Forward']","['2021-22', 59, 54, 24.8, 3.0, 6.6, 0.463, 1.8, 4.6, 0.4, 0.4, 0.6, 0.658, 0.5, 3.8, 4.3, 1.7, 1.0, 0.7, 0.7, 1.4, 8.3, 1610612746, 33.0, '6-8', 'Nicolas Batum', 'Guard-Forward']","['2022-23', 78, 19, 21.9, 2.1, 4.9, 0.42, 1.6, 4.1, 0.391, 0.4, 0.6, 0.708, 0.8, 3.0, 3.8, 1.6, 0.7, 0.6, 0.6, 1.9, 6.1, 1610612746, 34.0, '6-8', 'Nicolas Batum', 'Guard-Forward']","['2013-14', 82, 82, 36.0, 4.6, 10.0, 0.465, 1.8, 4.9, 0.361, 2.0, 2.5, 0.803, 1.4, 6.0, 7.5, 5.1, 0.9, 0.7, 2.5, 1.9, 13.0, 1610612757, 25.0, '6-8', 'Nicolas Batum', 'Guard-Forward']","['2014-15', 71, 71, 33.5, 3.4, 8.5, 0.4, 1.4, 4.4, 0.324, 1.2, 1.4, 0.857, 0.9, 5.0, 5.9, 4.8, 1.1, 0.6, 1.9, 1.5, 9.4, 1610612757, 26.0, '6-8', 'Nicolas Batum', 'Guard-Forward']","['2015-16', 70, 70, 35.0, 5.3, 12.5, 0.426, 2.0, 5.7, 0.348, 2.3, 2.7, 0.849, 0.8, 5.3, 6.1, 5.8, 0.9, 0.6, 2.9, 1.6, 14.9, 1610612766, 27.0, '6-8', 'Nicolas Batum', 'Guard-Forward']","['2016-17', 77, 77, 34.0, 5.1, 12.7, 0.403, 1.8, 5.3, 0.333, 3.2, 3.7, 0.856, 0.6, 5.6, 6.2, 5.9, 1.1, 0.4, 2.5, 1.4, 15.1, 1610612766, 28.0, '6-8', 'Nicolas Batum', 'Guard-Forward']","['2017-18', 64, 64, 31.0, 4.2, 10.2, 0.415, 1.4, 4.3, 0.336, 1.7, 2.0, 0.831, 0.9, 3.9, 4.8, 5.5, 1.0, 0.4, 2.0, 1.1, 11.6, 1610612766, 29.0, '6-8', 'Nicolas Batum', 'Guard-Forward']","['2018-19', 75, 72, 31.4, 3.4, 7.5, 0.45, 1.5, 4.0, 0.389, 1.0, 1.2, 0.865, 0.9, 4.3, 5.2, 3.3, 0.9, 0.6, 1.6, 1.9, 9.3, 1610612766, 30.0, '6-8', 'Nicolas Batum', 'Guard-Forward']","['2019-20', 22, 3, 23.0, 1.3, 3.7, 0.346, 0.6, 2.2, 0.286, 0.4, 0.5, 0.9, 1.1, 3.4, 4.5, 3.0, 0.8, 0.4, 1.0, 1.9, 3.6, 1610612766, 31.0, '6-8', 'Nicolas Batum', 'Guard-Forward']","['2012-13', 73, 73, 38.4, 4.8, 11.4, 0.423, 2.3, 6.1, 0.372, 2.4, 2.9, 0.848, 1.3, 4.3, 5.6, 4.9, 1.2, 1.1, 2.6, 1.9, 14.3, 1610612757, 24.0, '6-8', 'Nicolas Batum', 'Guard-Forward']","['2008-09', 79, 76, 18.4, 2.0, 4.6, 0.446, 0.8, 2.1, 0.369, 0.5, 0.7, 0.808, 1.1, 1.7, 2.8, 0.9, 0.6, 0.5, 0.6, 1.8, 5.4, 1610612757, 20.0, '6-8', 'Nicolas Batum', 'Guard-Forward']","['2009-10', 37, 25, 24.8, 3.8, 7.2, 0.519, 1.5, 3.6, 0.409, 1.2, 1.4, 0.843, 0.9, 2.9, 3.8, 1.2, 0.6, 0.7, 0.7, 2.2, 10.1, 1610612757, 21.0, '6-8', 'Nicolas Batum', 'Guard-Forward']","['2010-11', 80, 67, 31.5, 4.6, 10.1, 0.455, 1.5, 4.3, 0.345, 1.7, 2.1, 0.841, 1.4, 3.2, 4.5, 1.5, 0.9, 0.6, 1.0, 2.4, 12.4, 1610612757, 22.0, '6-8', 'Nicolas Batum', 'Guard-Forward']","['2011-12', 59, 34, 30.4, 4.9, 10.9, 0.451, 1.8, 4.6, 0.391, 2.3, 2.7, 0.836, 1.4, 3.2, 4.6, 1.4, 1.0, 1.0, 1.5, 1.8, 13.9, 1610612757, 23.0, '6-8', 'Nicolas Batum', 'Guard-Forward']",
1629647,"['2020-21', 55, 55, 31.2, 5.0, 12.5, 0.396, 1.5, 5.2, 0.29, 2.3, 3.2, 0.702, 0.9, 6.3, 7.2, 1.8, 0.5, 0.5, 2.2, 1.1, 13.7, 1610612760, 21.0, '6-9', 'Darius Bazley', 'Forward']","['2021-22', 69, 53, 27.9, 4.0, 9.4, 0.422, 1.2, 3.9, 0.297, 1.7, 2.5, 0.688, 1.0, 5.3, 6.3, 1.4, 0.8, 1.0, 1.3, 1.0, 10.8, 1610612760, 22.0, '6-9', 'Darius Bazley', 'Forward']","['2022-23', 43, 1, 14.3, 1.9, 4.3, 0.454, 0.5, 1.2, 0.377, 0.9, 1.6, 0.543, 0.8, 2.4, 3.2, 0.9, 0.5, 0.8, 0.6, 1.0, 5.2, 0, 23.0, '6-9', 'Darius Bazley', 'Forward']",,,,,,,"['2019-20', 61, 9, 18.5, 2.0, 5.2, 0.394, 0.8, 2.3, 0.348, 0.7, 1.0, 0.694, 0.5, 3.5, 4.0, 0.7, 0.4, 0.7, 0.7, 0.9, 5.6, 1610612760, 20.0, '6-9', 'Darius Bazley', 'Forward']",,,,,,
203078,"['2020-21', 60, 60, 35.8, 11.2, 23.0, 0.485, 2.2, 6.2, 0.349, 6.8, 7.7, 0.889, 1.2, 3.5, 4.7, 4.4, 1.2, 0.4, 3.1, 2.3, 31.3, 1610612764, 28.0, '6-4', 'Bradley Beal', 'Guard']","['2021-22', 40, 40, 36.0, 8.7, 19.3, 0.451, 1.6, 5.3, 0.3, 4.2, 5.1, 0.833, 1.0, 3.8, 4.7, 6.6, 0.9, 0.4, 3.4, 2.4, 23.2, 1610612764, 29.0, '6-4', 'Bradley Beal', 'Guard']","['2022-23', 50, 50, 33.5, 8.9, 17.6, 0.506, 1.6, 4.4, 0.365, 3.8, 4.6, 0.842, 0.8, 3.1, 3.9, 5.4, 0.9, 0.7, 2.9, 2.1, 23.2, 1610612764, 30.0, '6-4', 'Bradley Beal', 'Guard']","['2013-14', 73, 73, 34.7, 6.6, 15.7, 0.419, 1.9, 4.7, 0.402, 2.0, 2.6, 0.788, 0.7, 3.0, 3.7, 3.3, 1.0, 0.2, 1.8, 2.1, 17.1, 1610612764, 21.0, '6-4', 'Bradley Beal', 'Guard']","['2014-15', 63, 59, 33.5, 5.8, 13.5, 0.427, 1.7, 4.1, 0.409, 2.1, 2.6, 0.783, 0.9, 2.9, 3.8, 3.1, 1.2, 0.3, 2.0, 2.2, 15.3, 1610612764, 22.0, '6-4', 'Bradley Beal', 'Guard']","['2015-16', 55, 35, 31.1, 6.5, 14.5, 0.449, 1.9, 4.9, 0.387, 2.5, 3.2, 0.767, 0.7, 2.7, 3.4, 2.9, 1.0, 0.2, 2.0, 2.1, 17.4, 1610612764, 23.0, '6-4', 'Bradley Beal', 'Guard']","['2016-17', 77, 77, 34.9, 8.3, 17.2, 0.482, 2.9, 7.2, 0.404, 3.7, 4.4, 0.825, 0.7, 2.4, 3.1, 3.5, 1.1, 0.3, 2.0, 2.2, 23.1, 1610612764, 24.0, '6-4', 'Bradley Beal', 'Guard']","['2017-18', 82, 82, 36.3, 8.3, 18.1, 0.46, 2.4, 6.5, 0.375, 3.6, 4.5, 0.791, 0.7, 3.7, 4.4, 4.5, 1.2, 0.4, 2.6, 2.0, 22.6, 1610612764, 25.0, '6-4', 'Bradley Beal', 'Guard']","['2018-19', 82, 82, 36.9, 9.3, 19.6, 0.475, 2.5, 7.3, 0.351, 4.4, 5.5, 0.808, 1.1, 3.9, 5.0, 5.5, 1.5, 0.7, 2.7, 2.8, 25.6, 1610612764, 26.0, '6-4', 'Bradley Beal', 'Guard']","['2019-20', 57, 57, 36.0, 10.4, 22.9, 0.455, 3.0, 8.4, 0.353, 6.8, 8.0, 0.842, 0.9, 3.3, 4.2, 6.1, 1.2, 0.4, 3.4, 2.2, 30.5, 1610612764, 27.0, '6-4', 'Bradley Beal', 'Guard']","['2012-13', 56, 46, 31.2, 5.0, 12.3, 0.41, 1.6, 4.2, 0.386, 2.2, 2.8, 0.786, 0.8, 3.0, 3.8, 2.4, 0.9, 0.5, 1.6, 2.0, 13.9, 1610612764, 20.0, '6-4', 'Bradley Beal', 'Guard']",,,,,
1627736,"['2020-21', 37, 36, 32.8, 7.1, 16.2, 0.44, 3.5, 8.7, 0.399, 1.8, 2.2, 0.85, 0.8, 3.6, 4.4, 2.4, 0.8, 0.2, 1.6, 1.7, 19.6, 1610612750, 24.0, '6-4', 'Malik Beasley', 'Guard']","['2021-22', 79, 18, 25.0, 4.2, 10.8, 0.391, 3.0, 8.1, 0.377, 0.6, 0.8, 0.817, 0.3, 2.5, 2.9, 1.5, 0.5, 0.2, 0.5, 1.1, 12.1, 1610612750, 25.0, '6-4', 'Malik Beasley', 'Guard']","['2022-23', 81, 27, 25.8, 4.6, 11.6, 0.395, 2.9, 8.1, 0.357, 0.6, 0.8, 0.769, 0.4, 3.1, 3.5, 1.5, 0.8, 0.1, 1.1, 1.3, 12.7, 0, 26.0, '6-4', 'Malik Beasley', 'Guard']",,,,"['2016-17', 22, 1, 7.5, 1.5, 3.3, 0.452, 0.4, 1.3, 0.321, 0.4, 0.5, 0.8, 0.2, 0.5, 0.8, 0.5, 0.3, 0.0, 0.4, 0.5, 3.8, 1610612743, 20.0, '6-4', 'Malik Beasley', 'Guard']","['2017-18', 62, 0, 9.4, 1.2, 2.9, 0.41, 0.5, 1.3, 0.341, 0.4, 0.5, 0.667, 0.2, 0.9, 1.1, 0.5, 0.2, 0.1, 0.4, 0.6, 3.2, 1610612743, 21.0, '6-4', 'Malik Beasley', 'Guard']","['2018-19', 81, 18, 23.2, 4.3, 9.1, 0.474, 2.0, 5.0, 0.402, 0.7, 0.8, 0.848, 0.4, 2.0, 2.5, 1.2, 0.7, 0.1, 0.7, 1.4, 11.3, 1610612743, 22.0, '6-4', 'Malik Beasley', 'Guard']","['2019-20', 55, 14, 22.0, 4.1, 9.7, 0.425, 1.9, 5.0, 0.388, 1.0, 1.2, 0.818, 0.3, 2.4, 2.7, 1.4, 0.7, 0.1, 1.0, 1.4, 11.2, 0, 23.0, '6-4', 'Malik Beasley', 'Guard']",,,,,,
202722,"['2020-21', 57, 7, 25.7, 3.4, 8.4, 0.404, 3.0, 7.5, 0.395, 1.8, 2.0, 0.87, 0.3, 2.6, 2.9, 0.9, 0.6, 0.2, 0.6, 2.4, 11.5, 1610612764, 28.0, '6-10', 'Davis Bertans', 'Forward']","['2021-22', 56, 0, 14.4, 1.8, 4.9, 0.36, 1.4, 4.1, 0.335, 0.6, 0.7, 0.9, 0.2, 1.9, 2.1, 0.6, 0.3, 0.2, 0.3, 1.5, 5.6, 0, 29.0, '6-10', 'Davis Bertans', 'Forward']","['2022-23', 45, 1, 10.9, 1.5, 3.6, 0.431, 1.2, 3.1, 0.39, 0.3, 0.3, 0.867, 0.2, 1.0, 1.2, 0.5, 0.2, 0.2, 0.2, 1.2, 4.6, 1610612742, 30.0, '6-10', 'Davis Bertans', 'Forward']",,,,"['2016-17', 67, 6, 12.1, 1.5, 3.5, 0.44, 1.0, 2.6, 0.399, 0.4, 0.5, 0.824, 0.3, 1.1, 1.5, 0.7, 0.3, 0.4, 0.5, 1.1, 4.5, 1610612759, 24.0, '6-10', 'Davis Bertans', 'Forward']","['2017-18', 77, 10, 14.1, 2.1, 4.8, 0.44, 1.2, 3.3, 0.373, 0.5, 0.6, 0.816, 0.2, 1.8, 2.0, 1.0, 0.3, 0.4, 0.5, 1.2, 5.9, 1610612759, 25.0, '6-10', 'Davis Bertans', 'Forward']","['2018-19', 76, 12, 21.5, 2.7, 6.0, 0.45, 1.9, 4.4, 0.429, 0.7, 0.8, 0.883, 0.3, 3.2, 3.5, 1.3, 0.5, 0.4, 0.6, 1.8, 8.0, 1610612759, 26.0, '6-10', 'Davis Bertans', 'Forward']","['2019-20', 54, 4, 29.3, 4.9, 11.3, 0.434, 3.7, 8.7, 0.424, 1.9, 2.3, 0.852, 0.6, 3.9, 4.5, 1.7, 0.7, 0.6, 1.1, 2.6, 15.4, 1610612764, 27.0, '6-10', 'Davis Bertans', 'Forward']",,,,,,
201976,"['2020-21', 37, 34, 22.5, 2.5, 5.9, 0.423, 1.5, 3.8, 0.397, 1.0, 1.2, 0.8, 0.8, 2.4, 3.2, 2.1, 0.8, 0.8, 0.9, 2.9, 7.5, 1610612746, 32.0, '6-2', 'Patrick Beverley', 'Guard']","['2021-22', 58, 54, 25.4, 3.1, 7.5, 0.406, 1.4, 4.2, 0.343, 1.7, 2.3, 0.722, 1.1, 3.1, 4.1, 4.6, 1.2, 0.9, 1.3, 3.0, 9.2, 1610612750, 33.0, '6-2', 'Patrick Beverley', 'Guard']","['2022-23', 67, 67, 27.1, 2.1, 5.4, 0.4, 1.2, 3.6, 0.335, 0.7, 1.0, 0.723, 0.7, 3.0, 3.7, 2.9, 0.9, 0.6, 0.9, 2.8, 6.2, 0, 34.0, '6-2', 'Patrick Beverley', 'Guard']","['2013-14', 56, 55, 31.3, 3.6, 8.6, 0.414, 1.6, 4.6, 0.361, 1.5, 1.8, 0.814, 1.3, 2.2, 3.5, 2.7, 1.4, 0.4, 1.2, 3.1, 10.2, 1610612745, 25.0, '6-2', 'Patrick Beverley', 'Guard']","['2014-15', 56, 55, 30.8, 3.6, 9.5, 0.383, 2.1, 5.8, 0.356, 0.8, 1.1, 0.75, 1.2, 3.0, 4.2, 3.4, 1.1, 0.4, 1.5, 3.3, 10.1, 1610612745, 26.0, '6-2', 'Patrick Beverley', 'Guard']","['2015-16', 71, 63, 28.7, 3.6, 8.4, 0.434, 1.7, 4.4, 0.4, 0.8, 1.2, 0.682, 1.0, 2.5, 3.5, 3.4, 1.3, 0.4, 1.3, 3.3, 9.9, 1610612745, 27.0, '6-2', 'Patrick Beverley', 'Guard']","['2016-17', 67, 67, 30.7, 3.4, 8.1, 0.42, 1.6, 4.3, 0.382, 1.1, 1.4, 0.768, 1.4, 4.4, 5.9, 4.2, 1.5, 0.4, 1.5, 3.3, 9.5, 1610612745, 28.0, '6-2', 'Patrick Beverley', 'Guard']","['2017-18', 11, 11, 30.3, 4.4, 10.8, 0.403, 2.2, 5.5, 0.4, 1.3, 1.5, 0.824, 1.5, 2.6, 4.1, 2.9, 1.7, 0.5, 2.3, 3.1, 12.2, 1610612746, 29.0, '6-2', 'Patrick Beverley', 'Guard']","['2018-19', 78, 49, 27.4, 2.5, 6.1, 0.407, 1.4, 3.6, 0.397, 1.2, 1.6, 0.78, 1.0, 4.0, 5.0, 3.8, 0.9, 0.6, 1.1, 3.4, 7.6, 1610612746, 30.0, '6-2', 'Patrick Beverley', 'Guard']","['2019-20', 51, 50, 26.3, 2.9, 6.7, 0.431, 1.6, 4.0, 0.388, 0.6, 0.9, 0.66, 1.1, 4.1, 5.2, 3.6, 1.1, 0.5, 1.3, 3.1, 7.9, 1610612746, 31.0, '6-2', 'Patrick Beverley', 'Guard']","['2012-13', 41, 0, 17.4, 1.9, 4.6, 0.418, 0.9, 2.3, 0.375, 0.8, 1.0, 0.829, 1.1, 1.6, 2.7, 2.9, 0.9, 0.5, 1.1, 2.0, 5.6, 1610612745, 24.0, '6-2', 'Patrick Beverley', 'Guard']",,,,,
1630180,"['2020-21', 70, 53, 27.3, 4.0, 9.9, 0.404, 2.5, 6.6, 0.38, 1.8, 2.1, 0.844, 0.6, 3.9, 4.5, 1.4, 0.7, 0.2, 0.9, 1.6, 12.2, 1610612765, 22.0, '6-7', 'Saddiq Bey', 'Forward']","['2021-22', 82, 82, 33.0, 5.5, 13.9, 0.396, 2.6, 7.4, 0.346, 2.6, 3.1, 0.827, 1.3, 4.1, 5.4, 2.8, 0.9, 0.2, 1.2, 1.6, 16.1, 1610612765, 23.0, '6-7', 'Saddiq Bey', 'Forward']","['2022-23', 77, 37, 27.6, 4.6, 10.9, 0.422, 2.0, 5.4, 0.361, 2.7, 3.1, 0.861, 1.3, 3.4, 4.7, 1.5, 0.9, 0.2, 0.9, 1.6, 13.8, 0, 24.0, '6-7', 'Saddiq Bey', 'Forward']",,,,,,,,,,,,,
203920,"['2020-21', 67, 22, 22.8, 2.8, 5.7, 0.497, 0.2, 0.8, 0.25, 1.4, 1.9, 0.705, 2.6, 3.2, 5.8, 1.3, 0.7, 0.7, 0.7, 1.7, 7.2, 0, 28.0, '6-8', 'Khem Birch', 'Center']","['2021-22', 55, 28, 18.0, 1.8, 3.6, 0.485, 0.0, 0.3, 0.0, 1.0, 1.3, 0.746, 2.2, 2.1, 4.3, 1.0, 0.5, 0.5, 0.5, 1.9, 4.5, 1610612761, 29.0, '6-8', 'Khem Birch', 'Center']","['2022-23', 20, 0, 8.1, 1.0, 1.6, 0.594, 0.1, 0.1, 0.5, 0.2, 0.3, 0.8, 0.4, 0.9, 1.3, 0.4, 0.3, 0.3, 0.4, 1.2, 2.2, 1610612761, 30.0, '6-8', 'Khem Birch', 'Center']",,,,,"['2017-18', 42, 0, 13.8, 1.6, 3.0, 0.54, 0.0, 0.0, 0.0, 1.0, 1.5, 0.689, 1.7, 2.6, 4.3, 0.8, 0.4, 0.5, 0.5, 1.3, 4.2, 1610612753, 25.0, '6-8', 'Khem Birch', 'Center']","['2018-19', 50, 1, 12.9, 1.8, 3.0, 0.603, 0.0, 0.0, 0.0, 1.2, 1.7, 0.699, 1.6, 2.2, 3.8, 0.8, 0.4, 0.6, 0.4, 1.4, 4.8, 1610612753, 26.0, '6-8', 'Khem Birch', 'Center']","['2019-20', 48, 24, 19.2, 1.5, 3.0, 0.51, 0.0, 0.0, 0.0, 1.4, 2.1, 0.653, 1.9, 2.7, 4.6, 1.0, 0.4, 0.5, 0.6, 1.9, 4.4, 1610612753, 27.0, '6-8', 'Khem Birch', 'Center']",,,,,,
1629048,"['2020-21', 45, 3, 12.5, 1.8, 4.3, 0.428, 0.4, 1.8, 0.253, 1.0, 1.4, 0.738, 1.3, 2.0, 3.3, 0.8, 0.2, 1.3, 0.4, 2.1, 5.1, 1610612754, 21.0, '6-11', 'Goga Bitadze', 'Center-Forward']","['2021-22', 50, 16, 14.6, 2.6, 5.0, 0.52, 0.5, 1.6, 0.288, 1.3, 1.9, 0.681, 1.6, 2.0, 3.5, 1.1, 0.4, 0.8, 0.9, 2.1, 7.0, 1610612754, 22.0, '6-11', 'Goga Bitadze', 'Center-Forward']","['2022-23', 38, 1, 12.0, 1.8, 3.3, 0.552, 0.2, 0.7, 0.231, 0.6, 1.1, 0.548, 1.6, 2.0, 3.6, 1.0, 0.4, 0.7, 0.6, 1.7, 4.4, 0, 23.0, '6-11', 'Goga Bitadze', 'Center-Forward']",,,,,,,"['2019-20', 54, 2, 8.7, 1.3, 2.8, 0.467, 0.1, 0.8, 0.19, 0.4, 0.6, 0.727, 0.5, 1.5, 2.0, 0.4, 0.2, 0.7, 0.5, 1.2, 3.2, 1610612754, 20.0, '6-11', 'Goga Bitadze', 'Center-Forward']",,,,,,
202687,"['2020-21', 66, 36, 20.4, 2.2, 3.7, 0.587, 0.0, 0.0, 0.0, 0.7, 1.6, 0.448, 2.1, 3.2, 5.3, 1.2, 0.3, 1.1, 1.1, 2.1, 5.0, 1610612766, 28.0, '6-8', 'Bismack Biyombo', 'Center']","['2021-22', 36, 3, 14.1, 2.4, 4.0, 0.593, 0.0, 0.0, 0.0, 1.1, 2.0, 0.535, 1.8, 2.9, 4.6, 0.6, 0.3, 0.7, 0.7, 1.9, 5.8, 1610612756, 29.0, '6-8', 'Bismack Biyombo', 'Center']","['2022-23', 61, 14, 14.3, 2.0, 3.4, 0.578, 0.0, 0.0, 0.0, 0.4, 1.1, 0.357, 1.5, 2.8, 4.3, 0.9, 0.3, 1.4, 0.8, 1.9, 4.3, 1610612756, 30.0, '6-8', 'Bismack Biyombo', 'Center']","['2013-14', 77, 9, 13.9, 1.1, 1.9, 0.611, 0.0, 0.0, 0.0, 0.6, 1.2, 0.517, 1.4, 3.4, 4.8, 0.1, 0.1, 1.1, 0.5, 1.6, 2.9, 1610612766, 21.0, '6-8', 'Bismack Biyombo', 'Center']","['2014-15', 64, 21, 19.4, 1.6, 2.9, 0.543, 0.0, 0.0, 0.0, 1.6, 2.7, 0.583, 2.5, 3.9, 6.4, 0.3, 0.3, 1.5, 0.8, 2.2, 4.8, 1610612766, 22.0, '6-8', 'Bismack Biyombo', 'Center']","['2015-16', 82, 22, 22.0, 1.9, 3.5, 0.542, 0.0, 0.0, 0.0, 1.7, 2.8, 0.628, 2.2, 5.8, 8.0, 0.4, 0.2, 1.6, 0.9, 2.7, 5.5, 1610612761, 23.0, '6-8', 'Bismack Biyombo', 'Center']","['2016-17', 81, 27, 22.1, 2.2, 4.2, 0.528, 0.0, 0.0, 0.0, 1.5, 2.9, 0.534, 1.9, 5.1, 7.0, 0.9, 0.3, 1.1, 1.2, 2.5, 6.0, 1610612753, 24.0, '6-8', 'Bismack Biyombo', 'Center']","['2017-18', 82, 25, 18.2, 2.2, 4.3, 0.52, 0.0, 0.0, 0.0, 1.2, 1.9, 0.65, 1.8, 4.0, 5.7, 0.8, 0.3, 1.2, 1.0, 1.9, 5.7, 1610612753, 25.0, '6-8', 'Bismack Biyombo', 'Center']","['2018-19', 54, 32, 14.5, 1.6, 2.9, 0.571, 0.0, 0.0, 0.0, 1.1, 1.7, 0.637, 1.5, 3.1, 4.6, 0.6, 0.2, 0.8, 0.6, 1.9, 4.4, 1610612766, 26.0, '6-8', 'Bismack Biyombo', 'Center']","['2019-20', 53, 29, 19.4, 2.8, 5.2, 0.543, 0.0, 0.0, 0.0, 1.7, 2.8, 0.603, 2.3, 3.5, 5.8, 0.9, 0.2, 0.9, 0.9, 2.2, 7.4, 1610612766, 27.0, '6-8', 'Bismack Biyombo', 'Center']","['2012-13', 80, 65, 27.3, 2.0, 4.3, 0.451, 0.0, 0.0, 0.0, 0.9, 1.8, 0.521, 2.4, 4.9, 7.3, 0.4, 0.4, 1.8, 1.0, 2.4, 4.8, 1610612766, 20.0, '6-8', 'Bismack Biyombo', 'Center']",,,,"['2011-12', 63, 41, 23.1, 2.0, 4.4, 0.464, 0.0, 0.0, 0.0, 1.1, 2.3, 0.483, 1.8, 4.0, 5.8, 0.4, 0.3, 1.8, 1.1, 2.3, 5.2, 1610612766, 19.0, '6-8', 'Bismack Biyombo', 'Center']",
203992,"['2020-21', 44, 27, 29.7, 6.1, 12.8, 0.473, 3.3, 7.6, 0.438, 0.9, 1.0, 0.909, 0.5, 3.2, 3.6, 3.3, 1.1, 0.3, 1.2, 2.3, 16.4, 1610612737, 28.0, '6-5', 'Bogdan Bogdanovic', 'Guard']","['2021-22', 63, 27, 29.3, 5.4, 12.6, 0.431, 2.7, 7.3, 0.368, 1.5, 1.8, 0.843, 0.5, 3.5, 4.0, 3.1, 1.1, 0.2, 1.1, 2.1, 15.1, 1610612737, 29.0, '6-5', 'Bogdan Bogdanovic', 'Guard']","['2022-23', 54, 9, 27.9, 5.1, 11.3, 0.447, 2.7, 6.7, 0.406, 1.2, 1.4, 0.831, 0.4, 2.6, 3.1, 2.8, 0.8, 0.3, 1.2, 1.6, 14.0, 1610612737, 30.0, '6-5', 'Bogdan Bogdanovic', 'Guard']",,,,,"['2017-18', 78, 52, 27.9, 4.4, 9.9, 0.446, 1.7, 4.2, 0.392, 1.3, 1.5, 0.84, 0.4, 2.5, 2.9, 3.3, 0.9, 0.2, 1.6, 2.2, 11.8, 1610612758, 25.0, '6-5', 'Bogdan Bogdanovic', 'Guard']","['2018-19', 70, 17, 27.8, 5.2, 12.3, 0.418, 1.9, 5.3, 0.36, 1.9, 2.3, 0.827, 0.6, 2.9, 3.5, 3.8, 1.0, 0.2, 1.7, 2.0, 14.1, 1610612758, 26.0, '6-5', 'Bogdan Bogdanovic', 'Guard']","['2019-20', 61, 28, 28.9, 5.5, 12.6, 0.44, 2.7, 7.2, 0.372, 1.4, 1.9, 0.741, 0.4, 3.0, 3.4, 3.4, 1.0, 0.2, 1.7, 2.2, 15.1, 1610612758, 27.0, '6-5', 'Bogdan Bogdanovic', 'Guard']",,,,,,
202711,"['2020-21', 72, 72, 30.8, 5.6, 12.8, 0.439, 2.5, 6.4, 0.39, 3.2, 3.7, 0.879, 0.6, 3.3, 3.9, 1.9, 0.6, 0.1, 1.8, 1.6, 17.0, 1610612762, 32.0, '6-7', 'Bojan Bogdanovic', 'Forward']","['2021-22', 69, 69, 30.9, 6.1, 13.4, 0.455, 2.6, 6.8, 0.387, 3.2, 3.8, 0.858, 0.8, 3.4, 4.3, 1.7, 0.5, 0.0, 1.7, 1.7, 18.1, 1610612762, 33.0, '6-7', 'Bojan Bogdanovic', 'Forward']","['2022-23', 59, 59, 32.1, 7.3, 14.9, 0.488, 2.5, 6.0, 0.411, 4.5, 5.1, 0.884, 0.6, 3.2, 3.8, 2.6, 0.6, 0.1, 2.3, 1.9, 21.6, 1610612765, 34.0, '6-7', 'Bojan Bogdanovic', 'Forward']",,"['2014-15', 78, 28, 23.8, 3.3, 7.4, 0.453, 1.2, 3.3, 0.355, 1.1, 1.4, 0.821, 0.6, 2.1, 2.7, 0.9, 0.4, 0.1, 1.0, 1.3, 9.0, 1610612751, 26.0, '6-7', 'Bojan Bogdanovic', 'Forward']","['2015-16', 79, 39, 26.8, 4.1, 9.5, 0.433, 1.6, 4.3, 0.382, 1.4, 1.7, 0.833, 0.5, 2.8, 3.2, 1.3, 0.4, 0.1, 1.5, 1.5, 11.2, 1610612751, 27.0, '6-7', 'Bojan Bogdanovic', 'Forward']","['2016-17', 81, 54, 25.7, 4.6, 10.4, 0.445, 1.8, 4.8, 0.367, 2.7, 3.0, 0.893, 0.5, 3.0, 3.4, 1.4, 0.4, 0.1, 1.6, 1.8, 13.7, 0, 28.0, '6-7', 'Bojan Bogdanovic', 'Forward']","['2017-18', 80, 80, 30.8, 5.1, 10.7, 0.474, 1.9, 4.8, 0.402, 2.2, 2.6, 0.868, 0.4, 3.0, 3.4, 1.5, 0.7, 0.1, 1.3, 1.6, 14.3, 1610612754, 29.0, '6-7', 'Bojan Bogdanovic', 'Forward']","['2018-19', 81, 81, 31.8, 6.4, 13.0, 0.497, 2.0, 4.8, 0.425, 3.0, 3.8, 0.807, 0.4, 3.7, 4.1, 2.0, 0.9, 0.0, 1.7, 1.7, 18.0, 1610612754, 30.0, '6-7', 'Bojan Bogdanovic', 'Forward']","['2019-20', 63, 63, 33.1, 6.6, 14.8, 0.447, 3.0, 7.3, 0.414, 4.0, 4.4, 0.903, 0.6, 3.5, 4.1, 2.1, 0.5, 0.1, 2.5, 1.7, 20.2, 1610612762, 31.0, '6-7', 'Bojan Bogdanovic', 'Forward']",,,,,,
1629626,"['2020-21', 32, 2, 5.0, 0.8, 1.8, 0.431, 0.3, 0.8, 0.375, 0.3, 0.5, 0.667, 0.0, 0.8, 0.8, 0.2, 0.1, 0.3, 0.4, 0.4, 2.2, 1610612743, 21.0, '7-2', 'Bol Bol', 'Center-Forward']","['2021-22', 14, 0, 5.8, 1.1, 1.9, 0.556, 0.1, 0.3, 0.25, 0.1, 0.4, 0.4, 0.3, 1.1, 1.4, 0.4, 0.1, 0.1, 0.3, 0.3, 2.4, 1610612743, 22.0, '7-2', 'Bol Bol', 'Center-Forward']","['2022-23', 70, 33, 21.5, 3.7, 6.8, 0.546, 0.4, 1.6, 0.265, 1.2, 1.5, 0.759, 1.0, 4.8, 5.8, 1.0, 0.4, 1.2, 1.6, 1.3, 9.1, 1610612753, 23.0, '7-2', 'Bol Bol', 'Center-Forward']",,,,,,,"['2019-20', 7, 0, 12.4, 2.0, 4.0, 0.5, 0.6, 1.3, 0.444, 1.1, 1.4, 0.8, 0.7, 2.0, 2.7, 0.9, 0.3, 0.9, 1.4, 1.6, 5.7, 1610612743, 20.0, '7-2', 'Bol Bol', 'Center-Forward']",,,,,,
1626164,"['2020-21', 67, 67, 33.9, 9.3, 19.2, 0.484, 1.9, 5.5, 0.34, 5.1, 5.9, 0.867, 0.5, 3.7, 4.2, 4.3, 0.8, 0.2, 3.1, 2.7, 25.6, 1610612756, 24.0, '6-5', 'Devin Booker', 'Guard']","['2021-22', 68, 68, 34.5, 9.7, 20.9, 0.466, 2.7, 7.0, 0.383, 4.6, 5.3, 0.868, 0.7, 4.4, 5.0, 4.8, 1.1, 0.4, 2.4, 2.6, 26.8, 1610612756, 25.0, '6-5', 'Devin Booker', 'Guard']","['2022-23', 53, 53, 34.6, 9.9, 20.1, 0.494, 2.1, 6.0, 0.351, 5.8, 6.8, 0.855, 0.9, 3.7, 4.5, 5.5, 1.0, 0.3, 2.7, 3.0, 27.8, 1610612756, 26.0, '6-5', 'Devin Booker', 'Guard']",,,"['2015-16', 76, 51, 27.7, 4.8, 11.4, 0.423, 1.3, 3.8, 0.343, 2.8, 3.4, 0.84, 0.4, 2.1, 2.5, 2.6, 0.6, 0.3, 2.1, 3.0, 13.8, 1610612756, 19.0, '6-5', 'Devin Booker', 'Guard']","['2016-17', 78, 78, 35.0, 7.8, 18.3, 0.423, 1.9, 5.2, 0.363, 4.7, 5.7, 0.832, 0.6, 2.6, 3.2, 3.4, 0.9, 0.3, 3.1, 3.1, 22.1, 1610612756, 20.0, '6-5', 'Devin Booker', 'Guard']","['2017-18', 54, 54, 34.5, 8.4, 19.5, 0.432, 2.7, 7.1, 0.383, 5.4, 6.1, 0.878, 0.5, 4.0, 4.5, 4.7, 0.9, 0.3, 3.6, 3.1, 24.9, 1610612756, 21.0, '6-5', 'Devin Booker', 'Guard']","['2018-19', 64, 64, 35.0, 9.2, 19.6, 0.467, 2.1, 6.5, 0.326, 6.1, 7.1, 0.866, 0.6, 3.5, 4.1, 6.8, 0.9, 0.2, 4.1, 3.1, 26.6, 1610612756, 22.0, '6-5', 'Devin Booker', 'Guard']","['2019-20', 70, 70, 35.9, 9.0, 18.3, 0.489, 2.0, 5.7, 0.354, 6.7, 7.3, 0.919, 0.4, 3.8, 4.2, 6.5, 0.7, 0.3, 3.8, 3.0, 26.6, 1610612756, 23.0, '6-5', 'Devin Booker', 'Guard']",,,,,,
1628449,"['2020-21', 60, 14, 24.2, 4.8, 9.3, 0.514, 1.5, 3.9, 0.383, 2.5, 3.2, 0.788, 2.0, 4.8, 6.7, 1.1, 0.6, 1.9, 0.8, 2.8, 13.6, 1610612761, 28.0, '6-9', 'Chris Boucher', 'Forward-Center']","['2021-22', 80, 9, 21.1, 3.4, 7.2, 0.464, 0.9, 2.9, 0.297, 1.9, 2.4, 0.777, 2.2, 3.9, 6.2, 0.3, 0.6, 0.9, 0.5, 2.2, 9.4, 1610612761, 29.0, '6-9', 'Chris Boucher', 'Forward-Center']","['2022-23', 76, 0, 20.0, 3.4, 7.0, 0.493, 0.8, 2.5, 0.328, 1.7, 2.2, 0.762, 2.1, 3.5, 5.5, 0.4, 0.6, 0.8, 0.5, 1.9, 9.4, 1610612761, 30.0, '6-9', 'Chris Boucher', 'Forward-Center']",,,,,"['2017-18', 1, 0, 1.3, 0.0, 1.0, 0.0, 0.0, 1.0, 0.0, 0.0, 0.0, 0.0, 0.0, 1.0, 1.0, 0.0, 0.0, 0.0, 0.0, 0.0, 0.0, 1610612744, 25.0, '6-9', 'Chris Boucher', 'Forward-Center']","['2018-19', 28, 0, 5.8, 1.2, 2.7, 0.447, 0.4, 1.3, 0.324, 0.5, 0.5, 0.867, 0.6, 1.4, 2.0, 0.1, 0.2, 0.9, 0.3, 1.1, 3.3, 1610612761, 26.0, '6-9', 'Chris Boucher', 'Forward-Center']","['2019-20', 62, 0, 13.2, 2.3, 4.8, 0.472, 0.6, 1.9, 0.322, 1.5, 1.9, 0.784, 1.7, 2.7, 4.5, 0.4, 0.4, 1.0, 0.5, 1.8, 6.6, 1610612761, 27.0, '6-9', 'Chris Boucher', 'Forward-Center']",,,,,,
1628396,"['2020-21', 42, 8, 16.3, 3.1, 4.7, 0.665, 0.0, 0.1, 0.0, 0.9, 1.3, 0.691, 2.0, 3.7, 5.7, 0.9, 0.4, 0.7, 0.8, 1.5, 7.1, 0, 23.0, '6-11', 'Tony Bradley', 'Center-Forward']","['2021-22', 55, 7, 10.0, 1.3, 2.2, 0.585, 0.0, 0.0, 0.0, 0.3, 0.5, 0.655, 1.2, 2.2, 3.4, 0.5, 0.2, 0.6, 0.6, 1.1, 3.0, 1610612741, 24.0, '6-11', 'Tony Bradley', 'Center-Forward']","['2022-23', 12, 0, 2.8, 0.5, 1.0, 0.5, 0.3, 0.4, 0.6, 0.3, 0.3, 1.0, 0.1, 0.8, 0.9, 0.1, 0.1, 0.1, 0.1, 0.2, 1.6, 1610612741, 25.0, '6-11', 'Tony Bradley', 'Center-Forward']",,,,,"['2017-18', 9, 0, 3.2, 0.3, 1.2, 0.273, 0.0, 0.1, 0.0, 0.2, 0.2, 1.0, 0.4, 0.8, 1.2, 0.1, 0.0, 0.0, 0.0, 0.1, 0.9, 1610612762, 20.0, '6-11', 'Tony Bradley', 'Center-Forward']","['2018-19', 3, 0, 12.0, 2.7, 5.3, 0.5, 0.0, 0.0, 0.0, 0.3, 0.7, 0.5, 3.0, 2.0, 5.0, 0.3, 0.7, 0.7, 1.0, 2.0, 5.7, 1610612762, 21.0, '6-11', 'Tony Bradley', 'Center-Forward']","['2019-20', 58, 3, 11.4, 2.2, 3.3, 0.667, 0.1, 0.1, 1.0, 0.5, 0.8, 0.652, 1.9, 2.7, 4.6, 0.4, 0.2, 0.6, 0.5, 2.0, 4.9, 1610612762, 22.0, '6-11', 'Tony Bradley', 'Center-Forward']",,,,,,
1629714,"['2020-21', 28, 0, 4.9, 0.9, 1.9, 0.481, 0.4, 1.0, 0.429, 0.1, 0.1, 1.0, 0.3, 0.6, 1.0, 0.5, 0.3, 0.1, 0.3, 0.6, 2.3, 1610612762, 25.0, '6-5', 'Jarrell Brantley', 'Forward']",,"['2022-23', 4, 0, 9.7, 2.0, 3.5, 0.571, 1.0, 2.3, 0.444, 0.5, 0.5, 1.0, 0.3, 1.3, 1.5, 0.8, 0.0, 0.5, 0.5, 0.8, 5.5, 1610612762, 27.0, '6-5', 'Jarrell Brantley', 'Forward']",,,,,,,"['2019-20', 9, 0, 10.7, 1.1, 3.1, 0.357, 0.3, 1.4, 0.231, 0.1, 0.2, 0.5, 0.2, 2.0, 2.2, 1.2, 0.3, 0.6, 0.8, 0.8, 2.7, 1610612762, 24.0, '6-5', 'Jarrell Brantley', 'Forward']",,,,,,
1628969,"['2020-21', 72, 72, 32.6, 5.0, 9.3, 0.543, 1.9, 4.4, 0.425, 1.5, 1.8, 0.84, 1.1, 3.2, 4.3, 2.1, 1.1, 0.9, 0.8, 1.6, 13.5, 1610612756, 24.0, '6-6', 'Mikal Bridges', 'Guard-Forward']","['2021-22', 82, 82, 34.8, 5.6, 10.5, 0.534, 1.4, 3.8, 0.369, 1.6, 1.9, 0.834, 0.9, 3.3, 4.2, 2.3, 1.2, 0.4, 0.8, 1.8, 14.2, 1610612756, 25.0, '6-6', 'Mikal Bridges', 'Guard-Forward']","['2022-23', 83, 83, 35.7, 7.1, 15.3, 0.468, 2.0, 5.3, 0.382, 3.8, 4.3, 0.895, 1.0, 3.4, 4.4, 3.3, 1.1, 0.7, 1.5, 1.9, 20.1, 0, 26.0, '6-6', 'Mikal Bridges', 'Guard-Forward']",,,,,,"['2018-19', 82, 56, 29.5, 3.0, 6.9, 0.43, 1.3, 3.8, 0.335, 1.2, 1.4, 0.805, 0.7, 2.5, 3.2, 2.1, 1.6, 0.5, 0.9, 2.5, 8.3, 1610612756, 22.0, '6-6', 'Mikal Bridges', 'Guard-Forward']","['2019-20', 73, 32, 28.0, 3.4, 6.6, 0.51, 1.0, 2.7, 0.361, 1.4, 1.7, 0.844, 0.9, 3.1, 4.0, 1.8, 1.4, 0.6, 1.0, 2.2, 9.1, 1610612756, 23.0, '6-6', 'Mikal Bridges', 'Guard-Forward']",,,,,,
1629052,"['2020-21', 21, 16, 24.7, 3.5, 7.2, 0.483, 1.6, 3.7, 0.423, 2.4, 3.1, 0.769, 1.4, 4.1, 5.5, 0.9, 0.9, 1.0, 0.5, 1.5, 10.9, 1610612754, 23.0, '6-7', 'Oshae Brissett', 'Forward-Guard']","['2021-22', 67, 25, 23.3, 3.1, 7.6, 0.411, 1.2, 3.5, 0.35, 1.7, 2.4, 0.695, 1.6, 3.7, 5.3, 1.1, 0.7, 0.4, 0.8, 1.7, 9.1, 1610612754, 24.0, '6-7', 'Oshae Brissett', 'Forward-Guard']","['2022-23', 65, 2, 16.7, 1.9, 4.9, 0.386, 0.7, 2.4, 0.31, 1.6, 2.2, 0.717, 1.0, 2.4, 3.4, 0.7, 0.5, 0.2, 0.5, 1.2, 6.1, 1610612754, 25.0, '6-7', 'Oshae Brissett', 'Forward-Guard']",,,,,,,"['2019-20', 19, 0, 7.1, 0.7, 1.9, 0.361, 0.2, 0.8, 0.2, 0.4, 0.5, 0.8, 0.5, 0.9, 1.4, 0.4, 0.2, 0.1, 0.4, 0.9, 1.9, 1610612761, 22.0, '6-7', 'Oshae Brissett', 'Forward-Guard']",,,,,,
1627763,"['2020-21', 56, 56, 34.5, 7.9, 17.5, 0.453, 2.6, 6.7, 0.388, 2.7, 3.2, 0.864, 1.0, 4.2, 5.3, 5.9, 0.9, 0.3, 2.1, 2.0, 21.2, 1610612754, 28.0, '6-4', 'Malcolm Brogdon', 'Guard']","['2021-22', 36, 36, 33.5, 6.8, 15.1, 0.448, 1.6, 5.2, 0.312, 4.0, 4.6, 0.856, 0.9, 4.2, 5.1, 5.9, 0.8, 0.4, 2.1, 2.0, 19.1, 1610612754, 29.0, '6-4', 'Malcolm Brogdon', 'Guard']","['2022-23', 67, 0, 26.0, 5.3, 10.9, 0.484, 2.0, 4.4, 0.444, 2.4, 2.7, 0.87, 0.6, 3.6, 4.2, 3.7, 0.7, 0.3, 1.5, 1.6, 14.9, 1610612738, 30.0, '6-4', 'Malcolm Brogdon', 'Guard']",,,,"['2016-17', 75, 28, 26.4, 3.9, 8.5, 0.457, 1.0, 2.6, 0.404, 1.5, 1.7, 0.865, 0.6, 2.2, 2.8, 4.2, 1.1, 0.2, 1.5, 1.9, 10.2, 1610612749, 24.0, '6-4', 'Malcolm Brogdon', 'Guard']","['2017-18', 48, 20, 29.9, 5.1, 10.5, 0.485, 1.3, 3.4, 0.385, 1.6, 1.8, 0.882, 0.5, 2.8, 3.3, 3.2, 0.9, 0.3, 1.4, 2.7, 13.0, 1610612749, 25.0, '6-4', 'Malcolm Brogdon', 'Guard']","['2018-19', 64, 64, 28.6, 5.9, 11.7, 0.505, 1.6, 3.8, 0.426, 2.2, 2.4, 0.928, 1.0, 3.5, 4.5, 3.2, 0.7, 0.2, 1.4, 1.6, 15.6, 1610612749, 26.0, '6-4', 'Malcolm Brogdon', 'Guard']","['2019-20', 54, 54, 30.9, 6.0, 13.8, 0.438, 1.4, 4.3, 0.326, 3.1, 3.4, 0.892, 0.9, 4.0, 4.9, 7.1, 0.6, 0.2, 2.4, 1.8, 16.5, 1610612754, 27.0, '6-4', 'Malcolm Brogdon', 'Guard']",,,,,,
1628415,"['2020-21', 67, 67, 29.8, 6.4, 15.4, 0.419, 1.9, 5.6, 0.344, 2.4, 2.9, 0.815, 0.8, 2.1, 2.9, 2.3, 1.2, 0.4, 1.8, 3.5, 17.2, 1610612763, 25.0, '6-6', 'Dillon Brooks', 'Guard-Forward']","['2021-22', 32, 31, 27.7, 7.1, 16.4, 0.432, 1.4, 4.7, 0.309, 2.8, 3.3, 0.849, 0.9, 2.3, 3.2, 2.8, 1.1, 0.3, 1.6, 3.3, 18.4, 1610612763, 26.0, '6-6', 'Dillon Brooks', 'Guard-Forward']","['2022-23', 73, 73, 30.3, 5.4, 13.6, 0.396, 2.0, 6.0, 0.326, 1.6, 2.1, 0.779, 0.6, 2.7, 3.3, 2.6, 0.9, 0.2, 1.4, 3.3, 14.3, 1610612763, 27.0, '6-6', 'Dillon Brooks', 'Guard-Forward']",,,,,"['2017-18', 82, 74, 28.7, 4.1, 9.4, 0.44, 1.1, 3.2, 0.356, 1.5, 2.0, 0.747, 0.6, 2.5, 3.1, 1.6, 0.9, 0.2, 1.5, 2.8, 11.0, 1610612763, 22.0, '6-6', 'Dillon Brooks', 'Guard-Forward']","['2018-19', 18, 0, 18.3, 2.7, 6.8, 0.402, 0.8, 2.2, 0.375, 1.2, 1.7, 0.733, 0.5, 1.2, 1.7, 0.9, 0.6, 0.2, 1.1, 2.8, 7.5, 1610612763, 23.0, '6-6', 'Dillon Brooks', 'Guard-Forward']","['2019-20', 73, 73, 28.9, 6.0, 14.6, 0.407, 2.0, 5.6, 0.358, 2.2, 2.8, 0.808, 0.9, 2.4, 3.3, 2.1, 0.9, 0.4, 1.7, 3.8, 16.2, 1610612763, 24.0, '6-6', 'Dillon Brooks', 'Guard-Forward']",,,,,,
1628971,"['2020-21', 65, 37, 22.3, 3.6, 6.5, 0.556, 0.3, 0.9, 0.288, 1.3, 1.8, 0.735, 1.7, 3.7, 5.4, 1.6, 0.9, 0.4, 0.8, 2.2, 8.8, 1610612751, 24.0, '6-4', 'Bruce Brown', 'Guard-Forward']","['2021-22', 72, 45, 24.6, 3.6, 7.0, 0.506, 0.5, 1.3, 0.404, 1.3, 1.8, 0.758, 1.4, 3.4, 4.8, 2.1, 1.1, 0.7, 0.8, 2.4, 9.0, 1610612751, 25.0, '6-4', 'Bruce Brown', 'Guard-Forward']","['2022-23', 80, 31, 28.5, 4.5, 9.3, 0.483, 1.1, 3.2, 0.358, 1.5, 1.9, 0.758, 0.8, 3.3, 4.1, 3.4, 1.1, 0.6, 1.5, 2.4, 11.5, 1610612743, 26.0, '6-4', 'Bruce Brown', 'Guard-Forward']",,,,,,"['2018-19', 74, 56, 19.6, 1.7, 4.2, 0.398, 0.3, 1.3, 0.258, 0.6, 0.8, 0.75, 0.6, 1.9, 2.5, 1.2, 0.5, 0.5, 0.6, 2.4, 4.3, 1610612765, 22.0, '6-4', 'Bruce Brown', 'Guard-Forward']","['2019-20', 58, 43, 28.2, 3.4, 7.7, 0.443, 0.6, 1.7, 0.344, 1.5, 2.1, 0.739, 1.1, 3.7, 4.7, 4.0, 1.1, 0.5, 1.7, 2.8, 8.9, 1610612765, 23.0, '6-4', 'Bruce Brown', 'Guard-Forward']",,,,,,
1627759,"['2020-21', 58, 58, 34.5, 9.3, 19.2, 0.484, 2.8, 7.1, 0.397, 3.3, 4.3, 0.764, 1.2, 4.8, 6.0, 3.4, 1.2, 0.6, 2.7, 2.9, 24.7, 1610612738, 24.0, '6-6', 'Jaylen Brown', 'Guard-Forward']","['2021-22', 66, 66, 33.6, 8.7, 18.4, 0.473, 2.5, 7.0, 0.358, 3.7, 4.8, 0.758, 0.8, 5.3, 6.1, 3.5, 1.1, 0.3, 2.7, 2.5, 23.6, 1610612738, 25.0, '6-6', 'Jaylen Brown', 'Guard-Forward']","['2022-23', 67, 67, 35.9, 10.1, 20.6, 0.491, 2.4, 7.3, 0.335, 3.9, 5.1, 0.765, 1.2, 5.7, 6.9, 3.5, 1.1, 0.4, 2.9, 2.6, 26.6, 1610612738, 26.0, '6-6', 'Jaylen Brown', 'Guard-Forward']",,,,"['2016-17', 78, 20, 17.2, 2.5, 5.4, 0.455, 0.6, 1.7, 0.343, 1.1, 1.6, 0.685, 0.6, 2.2, 2.8, 0.8, 0.4, 0.2, 0.9, 1.8, 6.6, 1610612738, 20.0, '6-6', 'Jaylen Brown', 'Guard-Forward']","['2017-18', 70, 70, 30.7, 5.3, 11.5, 0.465, 1.7, 4.4, 0.395, 2.1, 3.3, 0.644, 0.9, 4.0, 4.9, 1.6, 1.0, 0.4, 1.8, 2.6, 14.5, 1610612738, 21.0, '6-6', 'Jaylen Brown', 'Guard-Forward']","['2018-19', 74, 25, 25.9, 5.0, 10.7, 0.465, 1.3, 3.7, 0.344, 1.8, 2.7, 0.658, 0.9, 3.4, 4.2, 1.4, 0.9, 0.4, 1.3, 2.5, 13.0, 1610612738, 22.0, '6-6', 'Jaylen Brown', 'Guard-Forward']","['2019-20', 57, 57, 33.9, 7.5, 15.6, 0.481, 2.3, 5.9, 0.382, 3.1, 4.3, 0.724, 1.1, 5.3, 6.4, 2.1, 1.1, 0.4, 2.2, 2.9, 20.3, 1610612738, 23.0, '6-6', 'Jaylen Brown', 'Guard-Forward']",,,,,,
1629650,"['2020-21', 43, 32, 21.4, 3.4, 6.2, 0.545, 0.0, 0.0, 0.0, 1.8, 2.9, 0.619, 3.6, 5.3, 8.9, 0.2, 0.7, 1.1, 1.0, 2.2, 8.6, 1610612760, 21.0, '7-2', 'Moses Brown', 'Center']","['2021-22', 40, 6, 8.6, 1.6, 2.7, 0.593, 0.0, 0.0, 0.0, 1.1, 1.8, 0.597, 1.0, 2.4, 3.4, 0.0, 0.2, 0.4, 0.5, 1.3, 4.3, 0, 22.0, '7-2', 'Moses Brown', 'Center']","['2022-23', 36, 1, 8.2, 1.7, 2.7, 0.635, 0.0, 0.0, 0.0, 0.9, 2.0, 0.458, 1.6, 2.3, 3.9, 0.1, 0.1, 0.4, 0.4, 1.1, 4.3, 0, 23.0, '7-2', 'Moses Brown', 'Center']",,,,,,,"['2019-20', 9, 0, 3.7, 0.4, 1.1, 0.4, 0.0, 0.0, 0.0, 0.3, 0.9, 0.375, 0.3, 1.2, 1.6, 0.1, 0.1, 0.1, 0.3, 0.8, 1.2, 1610612757, 20.0, '7-2', 'Moses Brown', 'Center']",,,,,,
1628425,"['2020-21', 51, 14, 24.1, 2.9, 6.6, 0.448, 1.8, 4.2, 0.423, 0.5, 0.6, 0.806, 0.7, 3.6, 4.4, 1.4, 0.7, 0.2, 0.8, 1.9, 8.2, 1610612745, 26.0, '6-5', 'Sterling Brown', 'Guard-Forward']","['2021-22', 49, 3, 12.8, 1.2, 3.2, 0.381, 0.6, 1.9, 0.304, 0.3, 0.3, 0.933, 0.5, 2.5, 3.0, 0.7, 0.3, 0.1, 0.5, 1.1, 3.3, 1610612742, 27.0, '6-5', 'Sterling Brown', 'Guard-Forward']","['2022-23', 4, 0, 6.1, 0.0, 1.0, 0.0, 0.0, 0.5, 0.0, 0.0, 0.0, 0.0, 0.8, 1.3, 2.0, 0.5, 0.8, 0.0, 0.0, 1.0, 0.0, 1610612747, 28.0, '6-5', 'Sterling Brown', 'Guard-Forward']",,,,,"['2017-18', 54, 4, 14.4, 1.5, 3.8, 0.4, 0.6, 1.7, 0.352, 0.4, 0.4, 0.875, 0.5, 2.1, 2.6, 0.5, 0.6, 0.2, 0.5, 1.5, 4.0, 1610612749, 23.0, '6-5', 'Sterling Brown', 'Guard-Forward']","['2018-19', 58, 7, 17.8, 2.5, 5.4, 0.465, 0.9, 2.5, 0.361, 0.5, 0.7, 0.69, 0.5, 2.7, 3.2, 1.4, 0.4, 0.1, 0.8, 1.5, 6.4, 1610612749, 24.0, '6-5', 'Sterling Brown', 'Guard-Forward']","['2019-20', 52, 1, 14.7, 1.8, 4.9, 0.371, 0.8, 2.6, 0.324, 0.6, 0.8, 0.8, 0.6, 2.9, 3.5, 1.0, 0.6, 0.1, 0.8, 1.0, 5.1, 1610612749, 25.0, '6-5', 'Sterling Brown', 'Guard-Forward']",,,,,,
1628972,"['2020-21', 34, 0, 15.4, 1.8, 4.2, 0.431, 0.6, 2.1, 0.314, 0.4, 0.6, 0.714, 0.6, 2.5, 3.1, 0.9, 0.3, 0.2, 0.6, 1.4, 4.7, 0, 21.0, '6-7', 'Troy Brown Jr.', 'Guard-Forward']","['2021-22', 66, 7, 16.0, 1.6, 3.9, 0.419, 0.7, 2.0, 0.353, 0.3, 0.4, 0.769, 0.6, 2.5, 3.1, 1.0, 0.5, 0.1, 0.4, 0.9, 4.3, 1610612741, 22.0, '6-7', 'Troy Brown Jr.', 'Guard-Forward']","['2022-23', 76, 45, 24.5, 2.6, 6.1, 0.43, 1.4, 3.7, 0.381, 0.4, 0.5, 0.872, 0.8, 3.2, 4.1, 1.3, 0.8, 0.2, 0.6, 1.6, 7.1, 1610612747, 23.0, '6-7', 'Troy Brown Jr.', 'Guard-Forward']",,,,,,"['2018-19', 52, 10, 14.0, 1.9, 4.5, 0.415, 0.4, 1.3, 0.319, 0.6, 0.9, 0.681, 0.7, 2.1, 2.8, 1.5, 0.4, 0.1, 0.6, 1.1, 4.8, 1610612764, 19.0, '6-7', 'Troy Brown Jr.', 'Guard-Forward']","['2019-20', 69, 22, 25.8, 4.0, 9.0, 0.439, 0.9, 2.6, 0.341, 1.6, 2.0, 0.784, 1.1, 4.4, 5.6, 2.6, 1.2, 0.1, 1.1, 1.9, 10.4, 1610612764, 20.0, '6-7', 'Troy Brown Jr.', 'Guard-Forward']",,,,,,
1628973,"['2020-21', 68, 12, 25.0, 4.8, 9.2, 0.523, 1.2, 2.9, 0.405, 1.8, 2.2, 0.795, 0.4, 3.0, 3.4, 3.5, 0.5, 0.0, 1.2, 1.6, 12.6, 1610612742, 24.0, '6-2', 'Jalen Brunson', 'Guard']","['2021-22', 79, 61, 31.9, 6.4, 12.8, 0.502, 1.2, 3.2, 0.373, 2.3, 2.7, 0.84, 0.5, 3.4, 3.9, 4.8, 0.8, 0.0, 1.6, 1.9, 16.3, 1610612742, 25.0, '6-2', 'Jalen Brunson', 'Guard']","['2022-23', 68, 68, 35.0, 8.6, 17.6, 0.491, 2.0, 4.7, 0.416, 4.8, 5.8, 0.829, 0.6, 3.0, 3.5, 6.2, 0.9, 0.2, 2.1, 2.2, 24.0, 1610612752, 26.0, '6-2', 'Jalen Brunson', 'Guard']",,,,,,"['2018-19', 73, 38, 21.8, 3.6, 7.7, 0.467, 0.9, 2.5, 0.348, 1.2, 1.6, 0.725, 0.3, 2.0, 2.3, 3.2, 0.5, 0.1, 1.2, 1.7, 9.3, 1610612742, 22.0, '6-2', 'Jalen Brunson', 'Guard']","['2019-20', 57, 16, 17.9, 3.2, 6.8, 0.466, 0.8, 2.1, 0.358, 1.1, 1.3, 0.813, 0.4, 2.0, 2.4, 3.3, 0.4, 0.1, 1.2, 1.3, 8.2, 1610612742, 23.0, '6-2', 'Jalen Brunson', 'Guard']",,,,,,
1628418,"['2020-21', 10, 10, 27.1, 5.9, 9.1, 0.648, 0.9, 2.1, 0.429, 1.6, 2.4, 0.667, 1.8, 4.3, 6.1, 1.5, 0.4, 0.8, 1.1, 3.1, 14.3, 1610612764, 23.0, '6-10', 'Thomas Bryant', 'Center-Forward']","['2021-22', 27, 9, 16.3, 2.9, 5.5, 0.52, 0.4, 1.6, 0.286, 1.3, 1.5, 0.875, 1.0, 3.0, 4.0, 0.9, 0.2, 0.8, 0.7, 1.6, 7.4, 1610612764, 24.0, '6-10', 'Thomas Bryant', 'Center-Forward']","['2022-23', 59, 26, 18.3, 3.9, 6.3, 0.623, 0.4, 1.0, 0.441, 1.6, 2.1, 0.738, 1.5, 4.3, 5.7, 0.5, 0.3, 0.5, 0.6, 1.7, 9.8, 0, 25.0, '6-10', 'Thomas Bryant', 'Center-Forward']",,,,,"['2017-18', 15, 0, 4.8, 0.5, 1.4, 0.381, 0.1, 0.7, 0.1, 0.3, 0.6, 0.556, 0.2, 0.9, 1.1, 0.4, 0.1, 0.1, 0.1, 0.4, 1.5, 1610612747, 20.0, '6-10', 'Thomas Bryant', 'Center-Forward']","['2018-19', 72, 53, 20.8, 4.3, 7.0, 0.616, 0.5, 1.4, 0.333, 1.5, 1.9, 0.781, 1.6, 4.7, 6.3, 1.3, 0.3, 0.9, 0.8, 1.8, 10.5, 1610612764, 21.0, '6-10', 'Thomas Bryant', 'Center-Forward']","['2019-20', 46, 36, 24.9, 5.3, 9.1, 0.581, 0.8, 2.0, 0.407, 1.9, 2.5, 0.741, 2.1, 5.1, 7.2, 1.8, 0.5, 1.1, 1.2, 2.2, 13.2, 1610612764, 22.0, '6-10', 'Thomas Bryant', 'Center-Forward']",,,,,,
203493,"['2020-21', 65, 64, 30.0, 3.8, 8.6, 0.442, 2.5, 6.1, 0.41, 0.8, 0.8, 0.909, 0.2, 3.2, 3.4, 1.5, 0.8, 0.2, 0.7, 2.2, 10.9, 1610612752, 30.0, '6-6', 'Reggie Bullock', 'Guard-Forward']","['2021-22', 68, 37, 28.0, 3.0, 7.4, 0.401, 2.1, 5.8, 0.36, 0.6, 0.7, 0.833, 0.5, 3.1, 3.5, 1.2, 0.6, 0.2, 0.6, 1.6, 8.6, 1610612742, 31.0, '6-6', 'Reggie Bullock', 'Guard-Forward']","['2022-23', 78, 55, 30.3, 2.5, 6.0, 0.409, 1.9, 5.1, 0.38, 0.3, 0.5, 0.703, 0.4, 3.2, 3.6, 1.4, 0.7, 0.2, 0.5, 2.1, 7.2, 1610612742, 32.0, '6-6', 'Reggie Bullock', 'Guard-Forward']","['2013-14', 43, 0, 9.2, 1.0, 2.8, 0.355, 0.5, 1.7, 0.301, 0.2, 0.2, 0.778, 0.3, 1.0, 1.3, 0.3, 0.2, 0.0, 0.3, 0.6, 2.7, 1610612746, 23.0, '6-6', 'Reggie Bullock', 'Guard-Forward']","['2014-15', 36, 2, 9.4, 0.7, 1.9, 0.343, 0.4, 1.3, 0.326, 0.2, 0.3, 0.667, 0.0, 1.4, 1.4, 0.2, 0.3, 0.1, 0.2, 0.5, 1.9, 0, 24.0, '6-6', 'Reggie Bullock', 'Guard-Forward']","['2015-16', 37, 0, 11.6, 1.2, 2.6, 0.439, 0.6, 1.4, 0.415, 0.4, 0.4, 0.933, 0.4, 1.5, 1.8, 0.7, 0.3, 0.1, 0.2, 0.8, 3.3, 1610612765, 25.0, '6-6', 'Reggie Bullock', 'Guard-Forward']","['2016-17', 31, 5, 15.1, 1.7, 4.1, 0.422, 0.9, 2.4, 0.384, 0.2, 0.2, 0.714, 0.4, 1.6, 2.1, 0.9, 0.6, 0.1, 0.3, 0.7, 4.5, 1610612765, 26.0, '6-6', 'Reggie Bullock', 'Guard-Forward']","['2017-18', 62, 52, 27.9, 4.3, 8.8, 0.489, 2.0, 4.5, 0.445, 0.6, 0.8, 0.796, 0.4, 2.0, 2.5, 1.5, 0.8, 0.2, 0.8, 1.1, 11.3, 1610612765, 27.0, '6-6', 'Reggie Bullock', 'Guard-Forward']","['2018-19', 63, 60, 29.8, 3.9, 9.4, 0.412, 2.3, 6.2, 0.377, 1.2, 1.3, 0.859, 0.3, 2.4, 2.7, 2.0, 0.6, 0.2, 1.0, 1.7, 11.3, 0, 28.0, '6-6', 'Reggie Bullock', 'Guard-Forward']","['2019-20', 29, 19, 23.6, 3.1, 7.7, 0.402, 1.3, 3.8, 0.333, 0.6, 0.7, 0.81, 0.4, 1.9, 2.3, 1.4, 0.9, 0.1, 0.7, 1.9, 8.1, 1610612752, 29.0, '6-6', 'Reggie Bullock', 'Guard-Forward']",,,,,,
202692,"['2020-21', 49, 5, 25.6, 4.3, 10.2, 0.42, 2.1, 5.0, 0.415, 2.1, 2.4, 0.856, 0.4, 4.2, 4.6, 2.2, 0.6, 0.3, 1.0, 2.1, 12.7, 1610612752, 29.0, '6-6', 'Alec Burks', 'Guard']","['2021-22', 81, 44, 28.6, 3.5, 9.0, 0.391, 1.9, 4.8, 0.404, 2.7, 3.3, 0.822, 0.6, 4.3, 4.9, 3.0, 1.0, 0.3, 1.1, 2.7, 11.7, 1610612752, 30.0, '6-6', 'Alec Burks', 'Guard']","['2022-23', 51, 8, 22.0, 3.9, 9.0, 0.436, 1.9, 4.7, 0.414, 3.0, 3.7, 0.814, 0.4, 2.7, 3.1, 2.2, 0.7, 0.2, 1.1, 1.9, 12.8, 1610612765, 31.0, '6-6', 'Alec Burks', 'Guard']","['2013-14', 78, 12, 28.1, 4.9, 10.7, 0.457, 0.6, 1.8, 0.35, 3.6, 4.8, 0.748, 0.8, 2.5, 3.3, 2.7, 0.9, 0.2, 1.9, 2.4, 14.0, 1610612762, 22.0, '6-6', 'Alec Burks', 'Guard']","['2014-15', 27, 27, 33.3, 4.5, 11.1, 0.403, 1.0, 2.5, 0.382, 3.9, 4.8, 0.822, 0.7, 3.5, 4.2, 3.0, 0.6, 0.2, 1.9, 2.4, 13.9, 1610612762, 23.0, '6-6', 'Alec Burks', 'Guard']","['2015-16', 31, 3, 25.7, 4.4, 10.8, 0.41, 1.0, 2.5, 0.405, 3.4, 4.5, 0.752, 0.5, 3.0, 3.5, 2.0, 0.6, 0.1, 1.6, 2.3, 13.3, 1610612762, 24.0, '6-6', 'Alec Burks', 'Guard']","['2016-17', 42, 0, 15.5, 2.4, 5.9, 0.399, 0.6, 1.8, 0.329, 1.4, 1.9, 0.769, 0.4, 2.5, 2.9, 0.7, 0.4, 0.1, 0.8, 1.2, 6.7, 1610612762, 25.0, '6-6', 'Alec Burks', 'Guard']","['2017-18', 64, 1, 16.5, 2.7, 6.5, 0.411, 0.7, 2.2, 0.331, 1.7, 1.9, 0.863, 0.3, 2.7, 3.0, 1.0, 0.6, 0.1, 0.9, 1.2, 7.7, 1610612762, 26.0, '6-6', 'Alec Burks', 'Guard']","['2018-19', 64, 24, 21.5, 3.0, 7.4, 0.405, 1.0, 2.6, 0.363, 1.8, 2.2, 0.823, 0.5, 3.2, 3.7, 2.0, 0.6, 0.3, 1.0, 1.4, 8.8, 0, 27.0, '6-6', 'Alec Burks', 'Guard']","['2019-20', 66, 19, 26.6, 4.9, 11.6, 0.418, 1.8, 4.6, 0.385, 3.6, 4.0, 0.887, 0.7, 3.5, 4.3, 2.9, 0.9, 0.3, 1.4, 1.9, 15.0, 0, 28.0, '6-6', 'Alec Burks', 'Guard']","['2012-13', 64, 0, 17.8, 2.5, 6.1, 0.42, 0.5, 1.4, 0.359, 1.4, 2.0, 0.713, 0.6, 1.7, 2.3, 1.4, 0.5, 0.2, 1.2, 1.8, 7.0, 1610612762, 21.0, '6-6', 'Alec Burks', 'Guard']",,,,"['2011-12', 59, 0, 15.9, 2.6, 6.1, 0.429, 0.3, 0.8, 0.333, 1.8, 2.4, 0.727, 1.0, 1.3, 2.2, 0.9, 0.5, 0.1, 0.9, 1.4, 7.2, 1610612762, 20.0, '6-6', 'Alec Burks', 'Guard']",
202710,"['2020-21', 52, 52, 33.6, 7.0, 14.2, 0.497, 0.5, 2.0, 0.245, 6.9, 8.0, 0.863, 1.8, 5.1, 6.9, 7.1, 2.1, 0.3, 2.1, 1.4, 21.5, 1610612748, 31.0, '6-7', 'Jimmy Butler', 'Forward']","['2021-22', 57, 57, 33.9, 7.0, 14.5, 0.48, 0.5, 2.0, 0.233, 6.9, 8.0, 0.87, 1.8, 4.1, 5.9, 5.5, 1.6, 0.5, 2.1, 1.5, 21.4, 1610612748, 32.0, '6-7', 'Jimmy Butler', 'Forward']","['2022-23', 64, 64, 33.4, 7.5, 13.9, 0.539, 0.6, 1.6, 0.35, 7.4, 8.7, 0.85, 2.2, 3.7, 5.9, 5.3, 1.8, 0.3, 1.6, 1.3, 22.9, 1610612748, 33.0, '6-7', 'Jimmy Butler', 'Forward']","['2013-14', 67, 67, 38.7, 4.1, 10.3, 0.397, 1.0, 3.6, 0.283, 3.9, 5.0, 0.769, 1.3, 3.6, 4.9, 2.6, 1.9, 0.5, 1.5, 1.6, 13.1, 1610612741, 24.0, '6-7', 'Jimmy Butler', 'Forward']","['2014-15', 65, 65, 38.7, 6.5, 14.0, 0.462, 1.1, 3.0, 0.378, 5.9, 7.1, 0.834, 1.8, 4.1, 5.8, 3.3, 1.8, 0.6, 1.4, 1.7, 20.0, 1610612741, 25.0, '6-7', 'Jimmy Butler', 'Forward']","['2015-16', 67, 67, 36.9, 7.0, 15.4, 0.454, 1.0, 3.1, 0.312, 5.9, 7.1, 0.832, 1.2, 4.2, 5.3, 4.8, 1.6, 0.6, 2.0, 1.9, 20.9, 1610612741, 26.0, '6-7', 'Jimmy Butler', 'Forward']","['2016-17', 76, 75, 37.0, 7.5, 16.5, 0.455, 1.2, 3.3, 0.367, 7.7, 8.9, 0.865, 1.7, 4.5, 6.2, 5.5, 1.9, 0.4, 2.1, 1.5, 23.9, 1610612741, 27.0, '6-7', 'Jimmy Butler', 'Forward']","['2017-18', 59, 59, 36.7, 7.4, 15.6, 0.474, 1.2, 3.4, 0.35, 6.2, 7.2, 0.854, 1.3, 4.0, 5.3, 4.9, 2.0, 0.4, 1.8, 1.3, 22.2, 1610612750, 28.0, '6-7', 'Jimmy Butler', 'Forward']","['2018-19', 65, 65, 33.6, 6.4, 13.9, 0.462, 1.0, 3.0, 0.347, 4.8, 5.6, 0.855, 1.9, 3.4, 5.3, 4.0, 1.9, 0.6, 1.5, 1.7, 18.7, 0, 29.0, '6-7', 'Jimmy Butler', 'Forward']","['2019-20', 58, 58, 33.8, 5.9, 13.1, 0.455, 0.5, 2.1, 0.244, 7.6, 9.1, 0.834, 1.8, 4.8, 6.7, 6.0, 1.8, 0.6, 2.2, 1.4, 19.9, 1610612748, 30.0, '6-7', 'Jimmy Butler', 'Forward']","['2012-13', 82, 20, 26.0, 2.9, 6.2, 0.467, 0.5, 1.3, 0.381, 2.3, 2.8, 0.803, 1.7, 2.3, 4.0, 1.4, 1.0, 0.4, 0.8, 1.2, 8.6, 1610612741, 23.0, '6-7', 'Jimmy Butler', 'Forward']",,,,"['2011-12', 42, 0, 8.5, 0.8, 1.9, 0.405, 0.0, 0.3, 0.182, 1.0, 1.3, 0.768, 0.5, 0.8, 1.3, 0.3, 0.3, 0.1, 0.3, 0.5, 2.6, 1610612741, 22.0, '6-7', 'Jimmy Butler', 'Forward']",
203484,"['2020-21', 67, 67, 28.4, 3.3, 7.6, 0.431, 1.8, 4.4, 0.41, 1.4, 1.7, 0.866, 0.4, 2.3, 2.7, 1.9, 0.9, 0.4, 1.0, 1.7, 9.7, 1610612747, 28.0, '6-5', 'Kentavious Caldwell-Pope', 'Guard']","['2021-22', 77, 77, 30.2, 4.7, 10.8, 0.435, 2.1, 5.3, 0.39, 1.8, 2.0, 0.89, 0.5, 2.9, 3.4, 1.9, 1.1, 0.3, 1.3, 1.8, 13.2, 1610612764, 29.0, '6-5', 'Kentavious Caldwell-Pope', 'Guard']","['2022-23', 76, 76, 31.3, 3.8, 8.3, 0.462, 1.8, 4.2, 0.423, 1.4, 1.6, 0.824, 0.5, 2.3, 2.7, 2.4, 1.5, 0.5, 1.1, 1.9, 10.8, 1610612743, 30.0, '6-5', 'Kentavious Caldwell-Pope', 'Guard']","['2013-14', 80, 41, 19.8, 2.3, 5.8, 0.396, 0.7, 2.3, 0.319, 0.6, 0.8, 0.77, 0.5, 1.5, 2.0, 0.7, 0.9, 0.2, 0.4, 1.8, 5.9, 1610612765, 21.0, '6-5', 'Kentavious Caldwell-Pope', 'Guard']","['2014-15', 82, 82, 31.5, 4.8, 11.9, 0.401, 1.9, 5.4, 0.345, 1.3, 1.9, 0.696, 0.6, 2.5, 3.1, 1.3, 1.1, 0.2, 1.1, 2.0, 12.7, 1610612765, 22.0, '6-5', 'Kentavious Caldwell-Pope', 'Guard']","['2015-16', 76, 76, 36.7, 5.3, 12.6, 0.42, 1.5, 4.9, 0.309, 2.4, 3.0, 0.811, 0.9, 2.8, 3.7, 1.8, 1.4, 0.2, 1.4, 2.2, 14.5, 1610612765, 23.0, '6-5', 'Kentavious Caldwell-Pope', 'Guard']","['2016-17', 76, 75, 33.3, 4.9, 12.2, 0.399, 2.0, 5.8, 0.35, 2.0, 2.4, 0.832, 0.7, 2.5, 3.3, 2.5, 1.2, 0.2, 1.1, 1.6, 13.8, 1610612765, 24.0, '6-5', 'Kentavious Caldwell-Pope', 'Guard']","['2017-18', 74, 74, 33.2, 4.6, 10.8, 0.426, 2.1, 5.6, 0.383, 2.1, 2.6, 0.789, 0.8, 4.4, 5.2, 2.2, 1.4, 0.2, 1.3, 2.0, 13.4, 1610612747, 25.0, '6-5', 'Kentavious Caldwell-Pope', 'Guard']","['2018-19', 82, 23, 24.8, 4.0, 9.2, 0.43, 1.8, 5.3, 0.347, 1.7, 1.9, 0.867, 0.6, 2.3, 2.9, 1.3, 0.9, 0.2, 0.8, 1.7, 11.4, 1610612747, 26.0, '6-5', 'Kentavious Caldwell-Pope', 'Guard']","['2019-20', 69, 26, 25.5, 3.4, 7.3, 0.467, 1.3, 3.5, 0.385, 1.1, 1.5, 0.775, 0.6, 1.5, 2.1, 1.6, 0.8, 0.2, 0.9, 1.9, 9.3, 1610612747, 27.0, '6-5', 'Kentavious Caldwell-Pope', 'Guard']",,,,,,
1630267,"['2020-21', 65, 19, 21.9, 1.8, 4.8, 0.381, 1.2, 3.3, 0.352, 1.2, 1.4, 0.879, 0.3, 1.7, 2.1, 3.6, 1.2, 0.2, 1.1, 2.0, 6.1, 1610612743, 30.0, '5-10', 'Facundo Campazzo', 'Guard']","['2021-22', 65, 4, 18.2, 1.6, 4.6, 0.361, 0.9, 3.0, 0.301, 0.9, 1.2, 0.769, 0.4, 1.4, 1.8, 3.4, 1.0, 0.4, 1.0, 1.9, 5.1, 1610612743, 31.0, '5-10', 'Facundo Campazzo', 'Guard']","['2022-23', 8, 0, 6.5, 0.4, 1.6, 0.231, 0.4, 1.4, 0.273, 0.1, 0.3, 0.5, 0.0, 0.3, 0.3, 1.1, 0.8, 0.0, 0.4, 0.4, 1.3, 1610612742, 32.0, '5-10', 'Facundo Campazzo', 'Guard']",,,,,,,,,,,,,
1628427,"['2020-21', 41, 1, 6.9, 0.8, 1.8, 0.458, 0.2, 0.8, 0.273, 0.2, 0.3, 0.769, 0.3, 1.0, 1.2, 0.3, 0.3, 0.0, 0.3, 0.4, 2.1, 1610612743, 24.0, '6-8', 'Vlatko Cancar', 'Forward']","['2021-22', 15, 1, 11.8, 1.5, 2.7, 0.561, 0.5, 0.8, 0.583, 0.6, 0.9, 0.643, 0.5, 1.5, 2.1, 1.1, 0.1, 0.2, 0.6, 1.2, 4.1, 1610612743, 25.0, '6-8', 'Vlatko Cancar', 'Forward']","['2022-23', 60, 9, 14.8, 1.8, 3.8, 0.476, 0.7, 1.9, 0.374, 0.6, 0.7, 0.927, 0.4, 1.7, 2.1, 1.3, 0.4, 0.2, 0.6, 1.4, 5.0, 1610612743, 26.0, '6-8', 'Vlatko Cancar', 'Forward']",,,,,,,"['2019-20', 14, 0, 3.2, 0.4, 1.1, 0.4, 0.1, 0.4, 0.167, 0.3, 0.3, 1.0, 0.4, 0.4, 0.7, 0.2, 0.1, 0.1, 0.2, 0.5, 1.2, 1610612743, 23.0, '6-8', 'Vlatko Cancar', 'Forward']",,,,,,
203991,"['2020-21', 63, 63, 30.1, 6.6, 11.0, 0.594, 0.0, 0.0, 0.0, 2.1, 3.6, 0.573, 4.7, 9.6, 14.3, 0.8, 0.7, 2.0, 1.2, 2.3, 15.2, 1610612737, 27.0, '6-10', 'Clint Capela', 'Center']","['2021-22', 74, 73, 27.6, 5.0, 8.2, 0.613, 0.0, 0.0, 0.0, 1.1, 2.3, 0.473, 3.8, 8.1, 11.9, 1.2, 0.7, 1.3, 0.6, 2.2, 11.1, 1610612737, 28.0, '6-10', 'Clint Capela', 'Center']","['2022-23', 65, 63, 26.6, 5.4, 8.2, 0.653, 0.0, 0.0, 0.0, 1.2, 2.0, 0.603, 4.0, 7.1, 11.0, 0.9, 0.7, 1.2, 0.8, 2.1, 12.0, 1610612737, 29.0, '6-10', 'Clint Capela', 'Center']",,"['2014-15', 12, 0, 7.5, 1.2, 2.4, 0.483, 0.0, 0.0, 0.0, 0.3, 1.9, 0.174, 0.8, 2.2, 3.0, 0.2, 0.1, 0.8, 0.4, 1.2, 2.7, 1610612745, 21.0, '6-10', 'Clint Capela', 'Center']","['2015-16', 77, 35, 19.1, 3.0, 5.2, 0.582, 0.0, 0.0, 0.0, 1.0, 2.7, 0.379, 2.5, 3.9, 6.4, 0.6, 0.8, 1.2, 0.8, 2.5, 7.0, 1610612745, 22.0, '6-10', 'Clint Capela', 'Center']","['2016-17', 65, 59, 23.9, 5.6, 8.7, 0.643, 0.0, 0.0, 0.0, 1.4, 2.7, 0.531, 2.7, 5.4, 8.1, 1.0, 0.5, 1.2, 1.3, 2.8, 12.6, 1610612745, 23.0, '6-10', 'Clint Capela', 'Center']","['2017-18', 74, 74, 27.5, 6.0, 9.1, 0.652, 0.0, 0.0, 0.0, 1.9, 3.5, 0.56, 3.3, 7.6, 10.8, 0.9, 0.8, 1.9, 1.4, 2.5, 13.9, 1610612745, 24.0, '6-10', 'Clint Capela', 'Center']","['2018-19', 67, 67, 33.6, 7.1, 10.9, 0.648, 0.0, 0.0, 0.0, 2.5, 3.9, 0.636, 4.4, 8.2, 12.7, 1.4, 0.7, 1.5, 1.4, 2.5, 16.6, 1610612745, 25.0, '6-10', 'Clint Capela', 'Center']","['2019-20', 39, 39, 32.8, 6.3, 9.9, 0.629, 0.0, 0.0, 0.0, 1.4, 2.7, 0.529, 4.3, 9.5, 13.8, 1.2, 0.8, 1.8, 1.6, 2.6, 13.9, 1610612745, 26.0, '6-10', 'Clint Capela', 'Center']",,,,,,
1630176,"['2020-21', 19, 4, 6.0, 0.9, 1.9, 0.5, 0.1, 0.4, 0.143, 0.5, 0.6, 0.818, 0.3, 1.1, 1.4, 0.1, 0.1, 0.3, 0.3, 0.7, 2.4, 1610612766, 20.0, '6-10', 'Vernon Carey Jr.', 'Center']","['2021-22', 7, 1, 6.3, 1.0, 1.9, 0.538, 0.0, 0.0, 0.0, 0.9, 1.9, 0.462, 1.1, 0.6, 1.7, 0.0, 0.3, 0.1, 0.4, 0.6, 2.9, 0, 21.0, '6-10', 'Vernon Carey Jr.', 'Center']","['2022-23', 11, 0, 2.6, 0.2, 0.7, 0.25, 0.0, 0.0, 0.0, 0.2, 0.2, 1.0, 0.3, 0.7, 1.0, 0.3, 0.2, 0.2, 0.2, 0.5, 0.5, 1610612764, 22.0, '6-10', 'Vernon Carey Jr.', 'Center']",,,,,,,,,,,,,
1628975,"['2020-21', 60, 1, 11.9, 1.6, 3.7, 0.422, 0.9, 2.5, 0.371, 0.1, 0.1, 0.571, 0.3, 1.3, 1.5, 1.2, 0.5, 0.2, 0.3, 0.9, 4.1, 1610612756, 25.0, '6-1', 'Jevon Carter', 'Guard']","['2021-22', 66, 3, 13.7, 1.5, 3.8, 0.387, 1.0, 2.6, 0.388, 0.2, 0.3, 0.833, 0.2, 1.5, 1.7, 1.5, 0.4, 0.2, 0.5, 1.0, 4.2, 0, 26.0, '6-1', 'Jevon Carter', 'Guard']","['2022-23', 81, 39, 22.4, 3.0, 7.0, 0.423, 1.8, 4.2, 0.421, 0.4, 0.5, 0.816, 0.4, 2.1, 2.5, 2.4, 0.8, 0.4, 1.0, 2.0, 8.0, 1610612749, 27.0, '6-1', 'Jevon Carter', 'Guard']",,,,,,"['2018-19', 39, 3, 14.8, 1.4, 4.7, 0.303, 0.9, 2.6, 0.333, 0.7, 0.8, 0.813, 0.4, 1.3, 1.7, 1.8, 0.7, 0.3, 0.8, 1.4, 4.4, 1610612763, 23.0, '6-1', 'Jevon Carter', 'Guard']","['2019-20', 58, 2, 16.3, 1.7, 4.2, 0.416, 1.1, 2.5, 0.425, 0.4, 0.5, 0.852, 0.5, 1.5, 2.0, 1.4, 0.8, 0.3, 0.6, 1.5, 4.9, 1610612756, 24.0, '6-1', 'Jevon Carter', 'Guard']",,,,,,
1628976,"['2020-21', 54, 44, 25.5, 4.3, 8.5, 0.503, 0.3, 0.9, 0.294, 2.4, 3.3, 0.732, 2.4, 5.8, 8.2, 1.9, 0.6, 0.8, 1.4, 2.7, 11.2, 0, 22.0, '6-10', 'Wendell Carter Jr.', 'Center-Forward']","['2021-22', 62, 61, 29.9, 5.8, 11.0, 0.525, 1.1, 3.5, 0.327, 2.3, 3.3, 0.691, 2.2, 8.2, 10.5, 2.8, 0.6, 0.7, 1.9, 2.7, 15.0, 1610612753, 23.0, '6-10', 'Wendell Carter Jr.', 'Center-Forward']","['2022-23', 57, 54, 29.6, 5.6, 10.8, 0.525, 1.4, 3.9, 0.356, 2.5, 3.4, 0.738, 2.1, 6.6, 8.7, 2.3, 0.5, 0.6, 1.9, 2.8, 15.2, 1610612753, 24.0, '6-10', 'Wendell Carter Jr.', 'Center-Forward']",,,,,,"['2018-19', 44, 44, 25.2, 4.1, 8.4, 0.485, 0.1, 0.7, 0.188, 2.0, 2.5, 0.795, 2.0, 5.0, 7.0, 1.8, 0.6, 1.3, 1.5, 3.5, 10.3, 1610612741, 20.0, '6-10', 'Wendell Carter Jr.', 'Center-Forward']","['2019-20', 43, 43, 29.2, 4.3, 8.0, 0.534, 0.1, 0.7, 0.207, 2.6, 3.5, 0.737, 3.2, 6.2, 9.4, 1.2, 0.8, 0.8, 1.7, 3.8, 11.3, 1610612741, 21.0, '6-10', 'Wendell Carter Jr.', 'Center-Forward']",,,,,,
203487,"['2020-21', 31, 25, 25.8, 3.4, 8.7, 0.389, 0.5, 2.0, 0.246, 1.6, 2.6, 0.613, 1.3, 3.2, 4.5, 4.2, 0.8, 0.5, 2.2, 2.6, 8.8, 1610612753, 29.0, '6-5', 'Michael Carter-Williams', 'Guard']",,"['2022-23', 4, 0, 11.1, 1.5, 3.5, 0.429, 0.3, 0.8, 0.333, 1.0, 1.8, 0.571, 0.3, 1.0, 1.3, 1.8, 0.3, 0.3, 1.0, 1.3, 4.3, 1610612753, 31.0, '6-5', 'Michael Carter-Williams', 'Guard']","['2013-14', 70, 70, 34.5, 6.1, 15.1, 0.405, 0.8, 3.0, 0.264, 3.7, 5.2, 0.703, 1.4, 4.8, 6.2, 6.3, 1.9, 0.6, 3.5, 3.0, 16.7, 1610612755, 22.0, '6-5', 'Michael Carter-Williams', 'Guard']","['2014-15', 66, 63, 32.6, 5.5, 13.9, 0.396, 0.5, 2.3, 0.235, 3.1, 4.4, 0.694, 1.0, 4.4, 5.3, 6.7, 1.7, 0.5, 3.8, 2.5, 14.6, 0, 23.0, '6-5', 'Michael Carter-Williams', 'Guard']","['2015-16', 54, 37, 30.5, 4.6, 10.3, 0.452, 0.3, 1.0, 0.273, 2.0, 3.0, 0.654, 0.9, 4.2, 5.1, 5.2, 1.5, 0.8, 2.8, 3.0, 11.5, 1610612749, 24.0, '6-5', 'Michael Carter-Williams', 'Guard']","['2016-17', 45, 19, 18.8, 2.5, 6.8, 0.366, 0.3, 1.4, 0.234, 1.3, 1.7, 0.753, 0.5, 2.9, 3.4, 2.5, 0.8, 0.5, 1.5, 2.3, 6.6, 1610612741, 25.0, '6-5', 'Michael Carter-Williams', 'Guard']","['2017-18', 52, 2, 16.1, 1.5, 4.4, 0.332, 0.3, 1.1, 0.237, 1.4, 1.7, 0.82, 0.7, 1.9, 2.7, 2.2, 0.8, 0.4, 1.0, 1.9, 4.6, 1610612766, 26.0, '6-5', 'Michael Carter-Williams', 'Guard']","['2018-19', 28, 1, 13.3, 1.6, 4.4, 0.374, 0.4, 1.4, 0.263, 1.1, 1.9, 0.604, 0.7, 1.8, 2.5, 2.5, 0.7, 0.5, 0.7, 1.7, 4.8, 0, 27.0, '6-5', 'Michael Carter-Williams', 'Guard']","['2019-20', 45, 0, 18.5, 2.5, 5.8, 0.427, 0.5, 1.7, 0.293, 1.8, 2.1, 0.832, 1.0, 2.2, 3.3, 2.4, 1.1, 0.5, 1.2, 1.9, 7.2, 1610612753, 28.0, '6-5', 'Michael Carter-Williams', 'Guard']",,,,,,
1627936,"['2020-21', 58, 6, 21.0, 2.3, 5.3, 0.436, 0.9, 2.4, 0.401, 0.8, 1.3, 0.645, 0.5, 2.4, 2.9, 2.8, 1.1, 0.3, 1.3, 1.9, 6.4, 1610612747, 27.0, '6-5', 'Alex Caruso', 'Guard']","['2021-22', 41, 18, 28.0, 2.5, 6.2, 0.398, 1.0, 3.1, 0.333, 1.4, 1.8, 0.795, 0.8, 2.8, 3.6, 4.0, 1.7, 0.4, 1.4, 2.6, 7.4, 1610612741, 28.0, '6-5', 'Alex Caruso', 'Guard']","['2022-23', 67, 36, 23.5, 1.9, 4.3, 0.455, 0.8, 2.3, 0.364, 0.9, 1.1, 0.808, 0.6, 2.3, 2.9, 2.9, 1.5, 0.7, 1.1, 2.4, 5.6, 1610612741, 29.0, '6-5', 'Alex Caruso', 'Guard']",,,,,"['2017-18', 37, 7, 15.2, 1.4, 3.1, 0.431, 0.4, 1.2, 0.302, 0.6, 0.8, 0.7, 0.4, 1.4, 1.8, 2.0, 0.6, 0.3, 1.1, 1.4, 3.6, 1610612747, 24.0, '6-5', 'Alex Caruso', 'Guard']","['2018-19', 25, 4, 21.2, 3.1, 6.9, 0.445, 1.0, 2.0, 0.48, 2.0, 2.6, 0.797, 0.8, 1.9, 2.7, 3.1, 1.0, 0.4, 1.7, 2.2, 9.2, 1610612747, 25.0, '6-5', 'Alex Caruso', 'Guard']","['2019-20', 64, 2, 18.4, 1.9, 4.5, 0.412, 0.6, 1.9, 0.333, 1.1, 1.5, 0.734, 0.3, 1.7, 1.9, 1.9, 1.1, 0.3, 0.8, 1.5, 5.5, 1610612747, 26.0, '6-5', 'Alex Caruso', 'Guard']",,,,,,
1629634,"['2020-21', 59, 16, 24.0, 4.3, 8.4, 0.517, 0.3, 1.3, 0.26, 1.3, 1.9, 0.69, 1.6, 3.9, 5.6, 1.6, 1.0, 0.9, 0.6, 1.4, 10.3, 1610612763, 24.0, '6-8', 'Brandon Clarke', 'Forward']","['2021-22', 64, 1, 19.5, 4.5, 7.0, 0.644, 0.1, 0.3, 0.227, 1.3, 2.0, 0.654, 2.1, 3.2, 5.3, 1.3, 0.6, 1.1, 0.5, 1.9, 10.4, 1610612763, 25.0, '6-8', 'Brandon Clarke', 'Forward']","['2022-23', 56, 8, 19.5, 4.1, 6.2, 0.656, 0.0, 0.1, 0.167, 1.8, 2.4, 0.723, 1.6, 3.9, 5.5, 1.3, 0.6, 0.7, 1.0, 2.3, 10.0, 1610612763, 26.0, '6-8', 'Brandon Clarke', 'Forward']",,,,,,,"['2019-20', 58, 4, 22.4, 5.1, 8.3, 0.618, 0.4, 1.1, 0.359, 1.5, 1.9, 0.759, 1.6, 4.4, 5.9, 1.4, 0.6, 0.8, 0.9, 1.7, 12.1, 1610612763, 23.0, '6-8', 'Brandon Clarke', 'Forward']",,,,,,
203903,"['2020-21', 68, 1, 26.7, 6.7, 15.8, 0.425, 3.1, 8.8, 0.347, 1.9, 2.1, 0.896, 0.7, 3.3, 4.0, 2.5, 0.9, 0.1, 1.7, 1.6, 18.4, 1610612762, 29.0, '6-5', 'Jordan Clarkson', 'Guard']","['2021-22', 79, 1, 27.1, 5.9, 14.1, 0.419, 2.4, 7.6, 0.318, 1.8, 2.2, 0.828, 0.8, 2.6, 3.5, 2.5, 0.8, 0.2, 1.6, 1.9, 16.0, 1610612762, 30.0, '6-5', 'Jordan Clarkson', 'Guard']","['2022-23', 61, 61, 32.6, 7.5, 16.9, 0.444, 2.5, 7.5, 0.338, 3.3, 4.0, 0.816, 1.2, 2.9, 4.0, 4.4, 0.5, 0.2, 3.0, 2.0, 20.8, 1610612762, 31.0, '6-5', 'Jordan Clarkson', 'Guard']",,"['2014-15', 59, 38, 25.0, 4.5, 10.1, 0.448, 0.6, 2.1, 0.314, 2.2, 2.7, 0.829, 0.9, 2.3, 3.2, 3.5, 0.9, 0.2, 1.6, 1.8, 11.9, 1610612747, 23.0, '6-5', 'Jordan Clarkson', 'Guard']","['2015-16', 79, 79, 32.3, 6.0, 13.9, 0.433, 1.4, 4.1, 0.347, 2.1, 2.6, 0.804, 1.2, 2.8, 4.0, 2.4, 1.1, 0.1, 1.7, 2.1, 15.5, 1610612747, 24.0, '6-5', 'Jordan Clarkson', 'Guard']","['2016-17', 82, 19, 29.2, 5.8, 13.1, 0.445, 1.4, 4.3, 0.329, 1.6, 2.0, 0.798, 0.6, 2.4, 3.0, 2.6, 1.1, 0.1, 2.0, 1.8, 14.7, 1610612747, 25.0, '6-5', 'Jordan Clarkson', 'Guard']","['2017-18', 81, 2, 23.3, 5.3, 11.8, 0.451, 1.4, 3.9, 0.352, 1.9, 2.3, 0.8, 0.7, 2.0, 2.7, 2.7, 0.7, 0.1, 1.6, 1.3, 13.9, 0, 26.0, '6-5', 'Jordan Clarkson', 'Guard']","['2018-19', 81, 0, 27.3, 6.5, 14.6, 0.448, 1.8, 5.5, 0.324, 2.0, 2.4, 0.844, 1.0, 2.3, 3.3, 2.4, 0.7, 0.2, 1.7, 1.4, 16.8, 1610612739, 27.0, '6-5', 'Jordan Clarkson', 'Guard']","['2019-20', 71, 2, 24.0, 5.5, 12.2, 0.454, 2.1, 5.8, 0.368, 1.9, 2.3, 0.836, 0.7, 1.9, 2.6, 1.9, 0.6, 0.2, 1.4, 1.5, 15.2, 0, 28.0, '6-5', 'Jordan Clarkson', 'Guard']",,,,,,
1629651,"['2020-21', 32, 1, 18.6, 2.8, 4.5, 0.621, 0.0, 0.2, 0.2, 1.0, 2.0, 0.484, 1.3, 3.8, 5.2, 0.9, 0.7, 1.3, 0.6, 2.1, 6.6, 1610612751, 22.0, '6-11', 'Nic Claxton', 'Center']","['2021-22', 47, 19, 20.7, 3.8, 5.6, 0.674, 0.0, 0.0, 0.0, 1.1, 2.0, 0.581, 1.9, 3.7, 5.6, 0.9, 0.5, 1.1, 0.8, 2.3, 8.7, 1610612751, 23.0, '6-11', 'Nic Claxton', 'Center']","['2022-23', 76, 76, 29.9, 5.4, 7.7, 0.705, 0.0, 0.0, 0.0, 1.8, 3.2, 0.541, 2.4, 6.8, 9.2, 1.9, 0.9, 2.5, 1.3, 2.8, 12.6, 1610612751, 24.0, '6-11', 'Nic Claxton', 'Center']",,,,,,,"['2019-20', 15, 0, 12.5, 1.8, 3.2, 0.563, 0.1, 0.5, 0.143, 0.7, 1.4, 0.524, 1.3, 1.7, 2.9, 1.1, 0.1, 0.5, 0.6, 0.9, 4.4, 1610612751, 21.0, '6-11', 'Nic Claxton', 'Center']",,,,,,
1629599,"['2020-21', 44, 1, 9.0, 1.0, 2.3, 0.437, 0.5, 1.3, 0.411, 0.6, 0.9, 0.711, 0.2, 0.8, 1.0, 0.5, 0.2, 0.0, 0.3, 0.7, 3.2, 1610612746, 24.0, '6-7', 'Amir Coffey', 'Guard-Forward']","['2021-22', 69, 30, 22.7, 3.1, 6.8, 0.453, 1.4, 3.7, 0.378, 1.5, 1.7, 0.863, 0.4, 2.5, 2.9, 1.8, 0.6, 0.2, 0.7, 1.3, 9.0, 1610612746, 25.0, '6-7', 'Amir Coffey', 'Guard-Forward']","['2022-23', 50, 9, 12.5, 1.1, 2.9, 0.386, 0.2, 0.8, 0.275, 1.0, 1.3, 0.778, 0.3, 0.7, 1.1, 1.1, 0.1, 0.1, 0.4, 1.0, 3.4, 1610612746, 26.0, '6-7', 'Amir Coffey', 'Guard-Forward']",,,,,,,"['2019-20', 18, 1, 8.8, 1.3, 3.0, 0.426, 0.3, 1.1, 0.316, 0.3, 0.6, 0.545, 0.2, 0.7, 0.9, 0.8, 0.3, 0.1, 0.4, 1.1, 3.2, 1610612746, 23.0, '6-7', 'Amir Coffey', 'Guard-Forward']",,,,,,
1628381,"['2020-21', 63, 63, 29.3, 6.8, 12.2, 0.556, 1.3, 3.3, 0.399, 2.7, 3.2, 0.833, 1.9, 5.5, 7.4, 1.2, 0.5, 1.0, 1.3, 3.1, 17.6, 1610612737, 23.0, '6-9', 'John Collins', 'Forward-Center']","['2021-22', 54, 53, 30.8, 6.3, 11.9, 0.526, 1.2, 3.3, 0.364, 2.5, 3.1, 0.793, 1.7, 6.1, 7.8, 1.8, 0.6, 1.0, 1.1, 3.0, 16.2, 1610612737, 24.0, '6-9', 'John Collins', 'Forward-Center']","['2022-23', 71, 71, 30.0, 5.1, 10.0, 0.508, 1.0, 3.4, 0.292, 2.0, 2.5, 0.803, 1.1, 5.4, 6.5, 1.2, 0.6, 1.0, 1.1, 3.1, 13.1, 1610612737, 25.0, '6-9', 'John Collins', 'Forward-Center']",,,,,"['2017-18', 74, 26, 24.1, 4.2, 7.4, 0.576, 0.2, 0.6, 0.34, 1.8, 2.5, 0.715, 2.4, 4.9, 7.3, 1.3, 0.6, 1.1, 1.4, 2.9, 10.5, 1610612737, 20.0, '6-9', 'John Collins', 'Forward-Center']","['2018-19', 61, 59, 30.0, 7.6, 13.6, 0.56, 0.9, 2.6, 0.348, 3.3, 4.4, 0.763, 3.6, 6.2, 9.8, 2.0, 0.4, 0.6, 2.0, 3.3, 19.5, 1610612737, 21.0, '6-9', 'John Collins', 'Forward-Center']","['2019-20', 41, 41, 33.2, 8.6, 14.8, 0.583, 1.4, 3.6, 0.401, 2.9, 3.7, 0.8, 2.8, 7.3, 10.1, 1.5, 0.8, 1.6, 1.8, 3.4, 21.6, 1610612737, 22.0, '6-9', 'John Collins', 'Forward-Center']",,,,,,
201144,"['2020-21', 51, 51, 29.4, 5.6, 12.5, 0.444, 2.7, 6.6, 0.412, 2.4, 2.8, 0.852, 0.7, 2.8, 3.5, 6.0, 1.4, 0.2, 1.9, 1.9, 16.2, 1610612762, 33.0, '6-1', 'Mike Conley', 'Guard']","['2021-22', 72, 72, 28.6, 4.8, 11.0, 0.435, 2.3, 5.8, 0.408, 1.8, 2.3, 0.796, 0.7, 2.4, 3.0, 5.3, 1.3, 0.3, 1.7, 2.0, 13.7, 1610612762, 34.0, '6-1', 'Mike Conley', 'Guard']","['2022-23', 67, 66, 30.3, 3.9, 9.1, 0.428, 2.0, 5.2, 0.385, 2.1, 2.5, 0.834, 0.5, 2.2, 2.7, 6.7, 1.1, 0.2, 1.5, 2.1, 11.9, 0, 35.0, '6-1', 'Mike Conley', 'Guard']","['2013-14', 73, 73, 33.5, 6.3, 14.1, 0.45, 1.4, 4.0, 0.361, 3.1, 3.8, 0.815, 0.6, 2.4, 2.9, 6.0, 1.5, 0.2, 2.1, 1.9, 17.2, 1610612763, 26.0, '6-1', 'Mike Conley', 'Guard']","['2014-15', 70, 70, 31.8, 5.6, 12.6, 0.446, 1.5, 4.0, 0.386, 3.1, 3.6, 0.859, 0.4, 2.6, 3.0, 5.4, 1.3, 0.2, 2.2, 2.0, 15.8, 1610612763, 27.0, '6-1', 'Mike Conley', 'Guard']","['2015-16', 56, 56, 31.4, 5.3, 12.4, 0.422, 1.4, 3.8, 0.363, 3.4, 4.1, 0.834, 0.5, 2.5, 2.9, 6.1, 1.2, 0.3, 1.5, 1.8, 15.3, 1610612763, 28.0, '6-1', 'Mike Conley', 'Guard']","['2016-17', 69, 68, 33.2, 6.7, 14.6, 0.46, 2.5, 6.1, 0.408, 4.6, 5.3, 0.859, 0.4, 3.0, 3.5, 6.3, 1.3, 0.3, 2.3, 1.8, 20.5, 1610612763, 29.0, '6-1', 'Mike Conley', 'Guard']","['2017-18', 12, 12, 31.1, 5.3, 14.0, 0.381, 2.0, 6.4, 0.312, 4.4, 5.5, 0.803, 0.0, 2.3, 2.3, 4.1, 1.0, 0.3, 1.5, 2.0, 17.1, 1610612763, 30.0, '6-1', 'Mike Conley', 'Guard']","['2018-19', 70, 70, 33.5, 7.0, 16.0, 0.438, 2.2, 6.1, 0.364, 4.9, 5.8, 0.845, 0.6, 2.8, 3.4, 6.4, 1.3, 0.3, 1.9, 1.8, 21.1, 1610612763, 31.0, '6-1', 'Mike Conley', 'Guard']","['2019-20', 47, 41, 29.0, 4.9, 12.1, 0.409, 2.0, 5.4, 0.375, 2.4, 3.0, 0.827, 0.7, 2.5, 3.2, 4.4, 0.8, 0.1, 2.0, 2.2, 14.4, 1610612762, 32.0, '6-1', 'Mike Conley', 'Guard']","['2012-13', 80, 80, 34.5, 5.2, 11.8, 0.44, 1.3, 3.7, 0.362, 2.9, 3.5, 0.83, 0.5, 2.3, 2.8, 6.1, 2.2, 0.3, 2.4, 2.1, 14.6, 1610612763, 25.0, '6-1', 'Mike Conley', 'Guard']","['2008-09', 82, 61, 30.6, 3.9, 8.9, 0.442, 1.1, 2.6, 0.406, 2.0, 2.4, 0.817, 0.3, 3.1, 3.4, 4.3, 1.1, 0.1, 1.7, 1.8, 10.9, 1610612763, 21.0, '6-1', 'Mike Conley', 'Guard']","['2009-10', 80, 80, 32.1, 4.6, 10.4, 0.445, 1.0, 2.7, 0.387, 1.7, 2.3, 0.743, 0.4, 2.0, 2.4, 5.3, 1.4, 0.2, 2.1, 2.2, 12.0, 1610612763, 22.0, '6-1', 'Mike Conley', 'Guard']","['2010-11', 81, 81, 35.5, 5.2, 11.8, 0.444, 1.0, 2.7, 0.369, 2.2, 3.0, 0.733, 0.4, 2.7, 3.0, 6.5, 1.8, 0.2, 2.2, 2.2, 13.7, 1610612763, 23.0, '6-1', 'Mike Conley', 'Guard']","['2011-12', 62, 61, 35.1, 4.8, 11.0, 0.433, 1.0, 2.6, 0.377, 2.2, 2.5, 0.861, 0.4, 2.2, 2.5, 6.5, 2.2, 0.2, 2.0, 2.1, 12.7, 1610612763, 24.0, '6-1', 'Mike Conley', 'Guard']","['2007-08', 53, 46, 26.1, 3.6, 8.3, 0.428, 0.6, 1.7, 0.33, 1.7, 2.3, 0.732, 0.4, 2.2, 2.6, 4.2, 0.8, 0.0, 1.7, 1.6, 9.4, 1610612763, 20.0, '6-1', 'Mike Conley', 'Guard']"
1630583,,"['2021-22', 32, 0, 11.2, 1.7, 4.1, 0.402, 0.2, 1.5, 0.125, 0.6, 1.0, 0.625, 1.0, 1.7, 2.7, 0.7, 0.2, 0.3, 0.5, 1.1, 4.1, 1610612763, 21.0, '7-0', 'Santi Aldama', 'Forward-Center']","['2022-23', 77, 20, 21.8, 3.2, 6.8, 0.47, 1.2, 3.5, 0.353, 1.4, 1.9, 0.75, 1.1, 3.7, 4.8, 1.3, 0.6, 0.6, 0.8, 1.9, 9.0, 1610612763, 22.0, '7-0', 'Santi Aldama', 'Forward-Center']",,,,,,,,,,,,,
1630631,,"['2021-22', 54, 1, 15.4, 2.4, 5.4, 0.446, 0.6, 2.0, 0.291, 0.7, 1.0, 0.679, 0.5, 1.4, 1.9, 2.8, 1.3, 0.1, 0.7, 1.4, 6.1, 1610612740, 24.0, '6-0', 'Jose Alvarado', 'Guard']","['2022-23', 61, 10, 21.5, 3.3, 8.0, 0.411, 1.4, 4.0, 0.336, 1.1, 1.3, 0.813, 0.5, 1.9, 2.3, 3.0, 1.1, 0.2, 1.3, 2.0, 9.0, 1610612740, 25.0, '6-0', 'Jose Alvarado', 'Guard']",,,,,,,,,,,,,
1630625,,"['2021-22', 64, 1, 10.9, 1.3, 3.2, 0.411, 0.2, 0.8, 0.255, 0.4, 0.7, 0.591, 0.6, 1.3, 1.9, 1.5, 0.4, 0.2, 0.8, 1.1, 3.2, 1610612761, 22.0, '6-7', 'Dalano Banton', 'Forward']","['2022-23', 31, 2, 9.0, 1.8, 4.2, 0.423, 0.5, 1.6, 0.294, 0.5, 0.8, 0.708, 0.4, 1.1, 1.5, 1.2, 0.4, 0.4, 0.6, 1.1, 4.6, 1610612761, 23.0, '6-7', 'Dalano Banton', 'Forward']",,,,,,,,,,,,,
1630567,,"['2021-22', 74, 74, 35.4, 6.2, 12.6, 0.492, 0.8, 2.6, 0.301, 2.1, 2.9, 0.735, 2.6, 4.9, 7.5, 3.5, 1.1, 0.7, 1.8, 2.6, 15.3, 1610612761, 20.0, '6-8', 'Scottie Barnes', 'Forward']","['2022-23', 77, 76, 34.8, 6.0, 13.2, 0.456, 0.8, 2.9, 0.281, 2.5, 3.2, 0.772, 2.3, 4.3, 6.6, 4.8, 1.1, 0.8, 2.0, 2.2, 15.3, 1610612761, 21.0, '6-8', 'Scottie Barnes', 'Forward']",,,,,,,,,,,,,
1629646,,"['2021-22', 23, 0, 7.3, 1.3, 2.0, 0.638, 0.0, 0.2, 0.0, 0.4, 0.5, 0.75, 1.0, 1.7, 2.7, 0.3, 0.2, 0.7, 0.3, 1.4, 3.0, 1610612755, 21.0, '6-9', 'Charles Bassey', 'Center-Forward']","['2022-23', 35, 2, 14.5, 2.5, 3.9, 0.644, 0.1, 0.2, 0.375, 0.6, 1.1, 0.595, 2.1, 3.4, 5.5, 1.4, 0.5, 0.9, 1.2, 2.1, 5.7, 1610612759, 22.0, '6-9', 'Charles Bassey', 'Center-Forward']",,,,,,,,,,,,,
1630195,,"['2021-22', 35, 2, 6.9, 0.5, 1.5, 0.315, 0.1, 0.5, 0.278, 0.3, 0.4, 0.846, 0.5, 0.8, 1.2, 0.6, 0.2, 0.0, 0.4, 0.7, 1.4, 1610612750, 21.0, '6-6', 'Leandro Bolmaro', 'Forward']","['2022-23', 14, 0, 4.9, 0.2, 1.4, 0.15, 0.0, 0.3, 0.0, 0.0, 0.0, 0.0, 0.3, 0.2, 0.5, 0.5, 0.2, 0.1, 0.5, 0.7, 0.4, 1610612762, 22.0, '6-6', 'Leandro Bolmaro', 'Forward']",,,,,,,,,,,,,
1630527,,"['2021-22', 51, 0, 14.9, 2.5, 6.4, 0.385, 0.7, 2.2, 0.306, 1.2, 1.4, 0.819, 0.3, 1.8, 2.2, 1.0, 0.5, 0.3, 0.6, 0.8, 6.7, 1610612746, 20.0, '6-6', 'Brandon Boston Jr.', 'Guard']","['2022-23', 22, 1, 11.3, 2.3, 5.5, 0.418, 0.5, 1.3, 0.414, 1.3, 1.7, 0.763, 0.3, 1.0, 1.4, 0.9, 0.4, 0.0, 0.5, 1.0, 6.5, 1610612746, 21.0, '6-6', 'Brandon Boston Jr.', 'Guard']",,,,,,,,,,,,,
1630547,,"['2021-22', 31, 0, 9.8, 1.6, 4.5, 0.348, 0.5, 1.6, 0.347, 0.9, 1.0, 0.871, 0.7, 1.0, 1.7, 0.8, 0.2, 0.0, 0.5, 0.9, 4.6, 1610612766, 21.0, '6-4', 'James Bouknight', 'Guard']","['2022-23', 34, 0, 15.2, 2.0, 5.7, 0.358, 1.0, 3.2, 0.303, 0.6, 0.9, 0.667, 0.2, 1.9, 2.1, 1.2, 0.4, 0.1, 0.9, 1.4, 5.6, 1610612766, 22.0, '6-4', 'James Bouknight', 'Guard']",,,,,,,,,,,,,
1630535,,"['2021-22', 48, 6, 13.3, 1.7, 4.0, 0.426, 0.4, 1.3, 0.311, 0.9, 1.4, 0.677, 0.8, 2.0, 2.8, 0.7, 0.5, 0.5, 0.8, 1.9, 4.7, 1610612757, 20.0, '6-7', 'Greg Brown III', 'Forward']","['2022-23', 16, 0, 5.8, 0.7, 1.8, 0.393, 0.1, 0.4, 0.143, 0.3, 0.8, 0.417, 0.1, 1.1, 1.2, 0.2, 0.3, 0.3, 0.4, 0.8, 1.8, 1610612757, 21.0, '6-7', 'Greg Brown III', 'Forward']",,,,,,,,,,,,,
1630215,,"['2021-22', 42, 1, 8.6, 1.5, 3.6, 0.404, 0.7, 2.1, 0.318, 0.3, 0.4, 0.688, 0.1, 1.0, 1.1, 1.5, 0.4, 0.2, 0.8, 1.1, 3.8, 1610612762, 21.0, '6-3', 'Jared Butler', 'Guard']","['2022-23', 6, 1, 12.8, 2.5, 5.3, 0.469, 1.2, 2.3, 0.5, 0.0, 0.0, 0.0, 0.2, 0.5, 0.7, 1.3, 0.8, 0.0, 0.8, 0.8, 6.2, 1610612760, 22.0, '6-3', 'Jared Butler', 'Guard']",,,,,,,,,,,,,
1630551,,"['2021-22', 36, 0, 7.8, 0.9, 1.9, 0.463, 0.3, 0.8, 0.357, 0.3, 0.3, 1.0, 1.0, 1.0, 2.0, 0.3, 0.2, 0.1, 0.2, 0.9, 2.3, 1610612761, 21.0, '6-6', 'Justin Champagnie', 'Guard-Forward']","['2022-23', 5, 0, 6.9, 1.0, 3.0, 0.333, 0.2, 1.0, 0.2, 0.0, 0.0, 0.0, 0.6, 1.0, 1.6, 0.8, 0.2, 0.0, 0.0, 0.4, 2.2, 0, 22.0, '6-6', 'Justin Champagnie', 'Guard-Forward']",,,,,,,,,,,,,
1630528,,"['2021-22', 74, 2, 18.0, 3.0, 6.8, 0.448, 0.8, 2.6, 0.296, 1.1, 1.5, 0.735, 0.7, 1.8, 2.5, 2.0, 0.9, 0.2, 1.5, 1.3, 7.9, 1610612745, 20.0, '6-4', 'Josh Christopher', 'Guard']","['2022-23', 64, 2, 12.3, 2.4, 5.1, 0.465, 0.3, 1.4, 0.236, 0.7, 0.9, 0.75, 0.3, 0.8, 1.1, 1.1, 0.5, 0.2, 0.9, 0.9, 5.8, 1610612745, 21.0, '6-4', 'Josh Christopher', 'Guard']",,,,,,,,,,,,,
1628380,,"['2021-22', 28, 4, 17.9, 2.7, 5.5, 0.49, 0.5, 1.5, 0.341, 1.9, 2.3, 0.8, 1.6, 3.8, 5.5, 2.2, 0.5, 0.8, 1.6, 2.4, 7.8, 1610612759, 24.0, '6-11', 'Zach Collins', 'Forward-Center']","['2022-23', 63, 26, 22.9, 4.5, 8.7, 0.518, 0.9, 2.3, 0.374, 1.7, 2.3, 0.761, 1.8, 4.5, 6.4, 2.9, 0.6, 0.8, 2.0, 3.2, 11.6, 1610612759, 25.0, '6-11', 'Zach Collins', 'Forward-Center']",,,,,"['2017-18', 66, 1, 15.8, 1.7, 4.4, 0.398, 0.5, 1.7, 0.31, 0.4, 0.6, 0.643, 0.7, 2.7, 3.3, 0.8, 0.3, 0.5, 0.9, 2.0, 4.4, 1610612757, 20.0, '6-11', 'Zach Collins', 'Forward-Center']","['2018-19', 77, 0, 17.6, 2.5, 5.2, 0.473, 0.5, 1.6, 0.331, 1.2, 1.6, 0.746, 1.4, 2.8, 4.2, 0.9, 0.3, 0.9, 1.0, 2.3, 6.6, 1610612757, 21.0, '6-11', 'Zach Collins', 'Forward-Center']","['2019-20', 11, 11, 26.4, 2.9, 6.2, 0.471, 0.6, 1.7, 0.368, 0.5, 0.7, 0.75, 2.3, 4.0, 6.3, 1.5, 0.5, 0.5, 1.3, 3.3, 7.0, 1610612757, 22.0, '6-11', 'Zach Collins', 'Forward-Center']",,,,,,
1630534,,,"['2022-23', 59, 22, 20.5, 2.8, 6.5, 0.427, 1.4, 3.9, 0.355, 0.9, 1.2, 0.812, 0.7, 1.3, 2.1, 1.1, 0.3, 0.3, 0.7, 1.7, 7.9, 1610612762, 23.0, '6-5', 'Ochai Agbaji', 'Guard']",,,,,,,,,,,,,
1631116,,,"['2022-23', 31, 0, 7.3, 1.4, 3.5, 0.394, 1.0, 2.7, 0.381, 0.1, 0.2, 0.667, 0.0, 1.3, 1.3, 0.4, 0.2, 0.1, 0.4, 0.5, 3.9, 1610612744, 20.0, '6-9', 'Patrick Baldwin', 'Forward']",,,,,,,,,,,,,
1631094,,,"['2022-23', 72, 72, 33.7, 6.7, 15.6, 0.427, 1.2, 4.0, 0.298, 5.5, 7.4, 0.738, 1.2, 5.7, 6.9, 3.7, 0.8, 0.5, 2.8, 2.2, 20.0, 1610612753, 20.0, '6-10', 'Paolo Banchero', 'Forward']",,,,,,,,,,,,,
1631230,,,"['2022-23', 28, 0, 14.6, 1.6, 3.1, 0.535, 0.0, 0.1, 0.0, 0.6, 0.9, 0.72, 1.6, 2.0, 3.6, 0.9, 0.4, 0.7, 0.5, 2.0, 3.9, 1610612759, 20.0, '6-9', 'Dominick Barlow', 'Forward']",,,,,,,,,,,,,
1630699,,,"['2022-23', 52, 11, 13.5, 1.8, 4.7, 0.395, 0.9, 2.7, 0.331, 0.5, 0.7, 0.73, 0.7, 1.5, 2.2, 0.7, 0.4, 0.1, 0.9, 1.4, 5.1, 1610612749, 22.0, '6-7', 'MarJon Beauchamp', 'Forward']",,,,,,,,,,,,,
1631205,,,"['2022-23', 10, 0, 9.0, 0.5, 2.7, 0.185, 0.4, 2.5, 0.16, 0.2, 0.2, 1.0, 0.2, 0.4, 0.6, 0.4, 0.2, 0.0, 0.0, 0.6, 1.6, 1610612765, 23.0, '6-6', 'Buddy Boeheim', 'Forward']",,,,,,,,,,,,,
1631123,,,"['2022-23', 5, 0, 14.1, 1.2, 2.8, 0.429, 0.4, 1.2, 0.333, 0.2, 0.4, 0.5, 0.2, 1.0, 1.2, 0.8, 0.8, 0.4, 0.8, 1.2, 3.0, 0, 24.0, '6-2', 'Jamaree Bouyea', 'Guard']",,,,,,,,,,,,,
1631103,,,"['2022-23', 66, 32, 23.5, 4.1, 9.3, 0.44, 1.2, 3.9, 0.302, 0.9, 1.1, 0.829, 0.4, 2.3, 2.7, 1.9, 0.5, 0.1, 1.2, 1.7, 10.2, 1610612759, 20.0, '6-4', 'Malaki Branham', 'Forward']",,,,,,,,,,,,,
1631128,,,"['2022-23', 76, 6, 15.5, 1.9, 3.8, 0.495, 0.4, 1.3, 0.354, 0.5, 0.8, 0.625, 0.6, 1.8, 2.4, 0.8, 0.5, 0.2, 0.5, 1.3, 4.7, 1610612743, 22.0, '6-6', 'Christian Braun', 'Guard']",,,,,,,,,,,,,
1631112,,,"['2022-23', 6, 0, 6.7, 0.7, 1.2, 0.571, 0.0, 0.2, 0.0, 0.2, 0.3, 0.5, 0.3, 0.7, 1.0, 0.5, 0.7, 0.0, 0.3, 1.5, 1.5, 1610612754, 20.0, '6-7', 'Kendall Brown', 'Guard']",,,,,,,,,,,,,
1629126,,,"['2022-23', 2, 0, 3.3, 0.0, 1.0, 0.0, 0.0, 0.5, 0.0, 0.0, 0.0, 0.0, 0.0, 0.0, 0.0, 0.0, 0.0, 0.0, 0.0, 0.0, 0.0, 1610612758, 29.0, '6-4', 'Deonte Burton', 'Guard-Forward']",,,,,,"['2018-19', 32, 0, 7.5, 1.0, 2.6, 0.402, 0.3, 0.8, 0.296, 0.3, 0.4, 0.667, 0.1, 0.8, 0.9, 0.3, 0.2, 0.3, 0.3, 1.0, 2.6, 1610612760, 25.0, '6-4', 'Deonte Burton', 'Guard-Forward']","['2019-20', 39, 0, 9.1, 1.1, 3.2, 0.344, 0.3, 1.4, 0.189, 0.2, 0.4, 0.571, 0.2, 1.3, 1.5, 0.4, 0.2, 0.3, 0.5, 0.9, 2.7, 1610612760, 26.0, '6-4', 'Deonte Burton', 'Guard-Forward']",,,,,,
1631219,,,"['2022-23', 19, 1, 11.6, 0.9, 2.8, 0.321, 0.4, 1.8, 0.229, 0.2, 0.2, 0.75, 0.2, 0.7, 0.9, 0.6, 0.4, 0.5, 0.1, 1.2, 2.4, 1610612757, 20.0, '7-0', 'John Butler Jr.', 'Forward']",,,,,,,,,,,,,
1631288,,,"['2022-23', 18, 0, 13.3, 2.1, 3.7, 0.561, 0.4, 1.1, 0.35, 0.9, 1.2, 0.773, 0.8, 2.1, 2.9, 0.7, 0.6, 0.1, 0.3, 1.2, 5.4, 1610612748, 24.0, '6-6', 'Jamal Cain', 'Forward']",,,,,,,,,,,,,
1630577,,,"['2022-23', 17, 3, 18.8, 3.5, 7.6, 0.454, 1.9, 4.8, 0.402, 0.8, 1.0, 0.824, 0.6, 2.9, 3.5, 0.6, 0.4, 0.3, 0.6, 1.5, 9.7, 0, 22.0, '6-7', 'Julian Champagnie', 'Forward']",,,,,,,,,,,,,
1631113,,,"['2022-23', 36, 0, 7.8, 1.0, 2.3, 0.422, 0.1, 0.4, 0.133, 0.2, 0.4, 0.462, 0.3, 0.8, 1.1, 1.6, 0.3, 0.1, 0.5, 0.4, 2.2, 1610612763, 20.0, '5-11', 'Kennedy Chandler', 'Guard']",,,,,,,,,,,,,
1631108,,,"['2022-23', 41, 3, 12.5, 1.1, 2.6, 0.415, 0.6, 1.5, 0.419, 0.3, 0.4, 0.875, 0.2, 1.7, 1.8, 0.5, 0.2, 0.2, 0.3, 0.8, 3.1, 1610612747, 20.0, '6-5', 'Max Christie', 'Guard']",,,,,,,,,,,,,
